,Ironmongery Set,Mapped Ironmongery Set,Comparison Excel,Comparison Python,
0,16,16,TRUE,FALSE,2055
317,,17a,FALSE,FALSE,434
316,,08f,FALSE,FALSE,
315,,08f,FALSE,FALSE,
313,,12,FALSE,FALSE,
312,,17a,FALSE,FALSE,
311,,11d,FALSE,FALSE,
308,,08l,FALSE,FALSE,
306,,09a,FALSE,FALSE,
305,,09a,FALSE,FALSE,
300,,11u*FP,FALSE,FALSE,
294,,11m,FALSE,FALSE,
292,31,31,TRUE,FALSE,
290,,31,FALSE,FALSE,
289,,09a,FALSE,FALSE,
288,,09a,FALSE,FALSE,
286,,09a,FALSE,FALSE,
285,,09a,FALSE,FALSE,
281,9,9,TRUE,FALSE,
280,,9,FALSE,FALSE,
278,,09a,FALSE,FALSE,
276,,09a,FALSE,FALSE,
320,,08l,FALSE,FALSE,
269,,09a,FALSE,FALSE,
322,,09a,FALSE,FALSE,
333,,08l,FALSE,FALSE,
375,,6,FALSE,FALSE,
374,11,11,TRUE,FALSE,
373,6,6,TRUE,FALSE,
369,,17a,FALSE,FALSE,
368,,17a,FALSE,FALSE,
367,,17a,FALSE,FALSE,
366,,09a,FALSE,FALSE,
363,,09a,FALSE,FALSE,
361,,09a,FALSE,FALSE,
359,,09a,FALSE,FALSE,
358,,09a,FALSE,FALSE,
355,,08l,FALSE,FALSE,
353,,08l,FALSE,FALSE,
352,,09a,FALSE,FALSE,
346,,09a,FALSE,FALSE,
345,,11DA,FALSE,FALSE,
344,,11DA,FALSE,FALSE,
342,,11DA,FALSE,FALSE,
339,,17a,FALSE,FALSE,
338,,17a,FALSE,FALSE,
337,,17a,FALSE,FALSE,
327,,08l,FALSE,FALSE,
376,6,6,TRUE,FALSE,
268,,09a,FALSE,FALSE,
264,,09a,FALSE,FALSE,
221,,09a,FALSE,FALSE,
219,,12e,FALSE,FALSE,
218,,09a,FALSE,FALSE,
217,,7,FALSE,FALSE,
216,,22,FALSE,FALSE,
215,,7,FALSE,FALSE,
211,31,31,TRUE,FALSE,
210,,31,FALSE,FALSE,
208,,21a,FALSE,FALSE,
205,,08h,FALSE,FALSE,
204,,12c,FALSE,FALSE,
201,,11p,FALSE,FALSE,
200,,11p,FALSE,FALSE,
198,,11gDA,FALSE,FALSE,
197,,11t,FALSE,FALSE,
196,,17,FALSE,FALSE,
193,,9,FALSE,FALSE,
192,,09a,FALSE,FALSE,
191,,09a,FALSE,FALSE,
190,,17b,FALSE,FALSE,
189,6,6,TRUE,FALSE,
222,,09a,FALSE,FALSE,
266,,09a,FALSE,FALSE,
223,,09a,FALSE,FALSE,
230,,7,FALSE,FALSE,
263,,9,FALSE,FALSE,
262,,9,FALSE,FALSE,
260,,09a,FALSE,FALSE,
258,,09a,FALSE,FALSE,
257,,9,FALSE,FALSE,
252,9,9,TRUE,FALSE,
251,,9,FALSE,FALSE,
250,,09a,FALSE,FALSE,
249,,9,FALSE,FALSE,
248,9,9,TRUE,FALSE,
247,9,9,TRUE,FALSE,
245,,9,FALSE,FALSE,
244,,17a,FALSE,FALSE,
242,,17k,FALSE,FALSE,
240,,12e,FALSE,FALSE,
236,,11hDA,FALSE,FALSE,
235,17,17,TRUE,FALSE,
234,,12,FALSE,FALSE,
233,7,7,TRUE,FALSE,
232,,12,FALSE,FALSE,
231,7,7,TRUE,FALSE,
229,7,7,TRUE,FALSE,
188,,09a,FALSE,FALSE,
380,,33a,FALSE,FALSE,
382,,09a,FALSE,FALSE,
492,9,9,TRUE,FALSE,
490,,7,FALSE,FALSE,
489,,12e,FALSE,FALSE,
487,,08l,FALSE,FALSE,
485,42,42,TRUE,FALSE,
484,,09a,FALSE,FALSE,
482,,09a,FALSE,FALSE,
481,,09a,FALSE,FALSE,
479,,09a,FALSE,FALSE,
478,,09a,FALSE,FALSE,
476,,09a,FALSE,FALSE,
472,,7,FALSE,FALSE,
471,7,7,TRUE,FALSE,
470,7,7,TRUE,FALSE,
469,,7,FALSE,FALSE,
468,,31,FALSE,FALSE,
467,31,31,TRUE,FALSE,
465,46,46,TRUE,FALSE,
462,,09a,FALSE,FALSE,
460,,09a,FALSE,FALSE,
457,,17a,FALSE,FALSE,
493,,6,FALSE,FALSE,
456,,17a,FALSE,FALSE,
495,9,9,TRUE,FALSE,
497,9,9,TRUE,FALSE,
2,,5,FALSE,FALSE,
1,,06b,FALSE,FALSE,
21,Supplied by Specialist Contractor,,FALSE,FALSE,
17,42,42,TRUE,FALSE,
16,,,TRUE,FALSE,
10,Supplied by Specialist Contractor,,FALSE,FALSE,
9,Supplied by Specialist Contractor,,FALSE,FALSE,
5,6,6,TRUE,FALSE,
3,Supplied by Specialist Contractor,,FALSE,FALSE,
526,TBC,,FALSE,FALSE,
525,,08l,FALSE,FALSE,
522,,09a,FALSE,FALSE,
520,,09a,FALSE,FALSE,
514,,09b,FALSE,FALSE,
506,,09a,FALSE,FALSE,
505,,09a,FALSE,FALSE,
504,,42a,FALSE,FALSE,
503,9,9,TRUE,FALSE,
500,,9,FALSE,FALSE,
499,,9,FALSE,FALSE,
498,9,9,TRUE,FALSE,
496,,11k,FALSE,FALSE,
381,,08l,FALSE,FALSE,
452,,11,FALSE,FALSE,
450,46,46,TRUE,FALSE,
417,07b,7,FALSE,FALSE,
415,,07b,FALSE,FALSE,
414,,5,FALSE,FALSE,
413,,5,FALSE,FALSE,
412,,09a,FALSE,FALSE,
411,17,17,TRUE,FALSE,
408,,09a,FALSE,FALSE,
407,,08l,FALSE,FALSE,
404,,09a,FALSE,FALSE,
403,,08l,FALSE,FALSE,
400,,09a,FALSE,FALSE,
399,,09a,FALSE,FALSE,
397,,08l,FALSE,FALSE,
395,,09a,FALSE,FALSE,
394,,11,FALSE,FALSE,
393,,09a,FALSE,FALSE,
392,,05a,FALSE,FALSE,
391,,05a,FALSE,FALSE,
388,,12e,FALSE,FALSE,
387,,,TRUE,FALSE,
385,,09a,FALSE,FALSE,
418,,07b,FALSE,FALSE,
451,,07a,FALSE,FALSE,
420,48,48,TRUE,FALSE,
422,,5,FALSE,FALSE,
448,,03b,FALSE,FALSE,
447,17,17,TRUE,FALSE,
446,,09b,FALSE,FALSE,
443,,9,FALSE,FALSE,
442,9,9,TRUE,FALSE,
441,,9,FALSE,FALSE,
439,9,9,TRUE,FALSE,
438,9,9,TRUE,FALSE,
437,9,9,TRUE,FALSE,
436,,9,FALSE,FALSE,
435,,21cDA,FALSE,FALSE,
433,,09a,FALSE,FALSE,
432,,11hDA,FALSE,FALSE,
430,9,9,TRUE,FALSE,
429,9,9,TRUE,FALSE,
428,9,9,TRUE,FALSE,
427,,9,FALSE,FALSE,
426,,9,FALSE,FALSE,
425,,06b,FALSE,FALSE,
424,42,42,TRUE,FALSE,
423,5,5,TRUE,FALSE,
421,48,48,TRUE,FALSE,
186,,09a,FALSE,FALSE,
182,,09a,FALSE,FALSE,
181,,11j,FALSE,FALSE,
168,1,1,TRUE,FALSE,
167,1,1,TRUE,FALSE,
166,1,1,TRUE,FALSE,
161,1,1,TRUE,FALSE,
159,1,1,TRUE,FALSE,
158,1,1,TRUE,FALSE,
156,1,1,TRUE,FALSE,
155,1,1,TRUE,FALSE,
154,1,1,TRUE,FALSE,
153,1,1,TRUE,FALSE,
152,1,1,TRUE,FALSE,
151,1,1,TRUE,FALSE,
150,1,1,TRUE,FALSE,
149,1,1,TRUE,FALSE,
148,1,1,TRUE,FALSE,
147,1,1,TRUE,FALSE,
146,1,1,TRUE,FALSE,
145,1,1,TRUE,FALSE,
144,3,3,TRUE,FALSE,
143,3,3,TRUE,FALSE,
141,1,1,TRUE,FALSE,
169,1,1,TRUE,FALSE,
140,1,1,TRUE,FALSE,
170,1,1,TRUE,FALSE,
172,1,1,TRUE,FALSE,
14,,09a,FALSE,FALSE,
13,,09a,FALSE,FALSE,
8,8,8,TRUE,FALSE,
6,,17,FALSE,FALSE,
5,,24a,FALSE,FALSE,
4,,12e,FALSE,FALSE,
3,,4,FALSE,FALSE,
1,,31,FALSE,FALSE,
0,,31,FALSE,FALSE,
184,1,1,TRUE,FALSE,
183,1,1,TRUE,FALSE,
182,1,1,TRUE,FALSE,
181,1,1,TRUE,FALSE,
180,1,1,TRUE,FALSE,
179,1,1,TRUE,FALSE,
178,1,1,TRUE,FALSE,
177,1,1,TRUE,FALSE,
176,1,1,TRUE,FALSE,
175,1,1,TRUE,FALSE,
174,1,1,TRUE,FALSE,
173,1,1,TRUE,FALSE,
171,1,1,TRUE,FALSE,
15,,09a,FALSE,FALSE,
139,1,1,TRUE,FALSE,
137,1,1,TRUE,FALSE,
87,1,1,TRUE,FALSE,
86,1,1,TRUE,FALSE,
85,1,1,TRUE,FALSE,
84,1,1,TRUE,FALSE,
83,1,1,TRUE,FALSE,
82,1,1,TRUE,FALSE,
81,1,1,TRUE,FALSE,
80,1,1,TRUE,FALSE,
79,1,1,TRUE,FALSE,
78,1,1,TRUE,FALSE,
77,1,1,TRUE,FALSE,
76,1,1,TRUE,FALSE,
75,1,1,TRUE,FALSE,
74,1,1,TRUE,FALSE,
73,1,1,TRUE,FALSE,
72,1,1,TRUE,FALSE,
71,1,1,TRUE,FALSE,
42,6,6,TRUE,FALSE,
39,G07,,FALSE,FALSE,
38,1,1,TRUE,FALSE,
35,1,1,TRUE,FALSE,
88,1,1,TRUE,FALSE,
138,1,1,TRUE,FALSE,
89,1,1,TRUE,FALSE,
91,1,1,TRUE,FALSE,
136,1,1,TRUE,FALSE,
135,1,1,TRUE,FALSE,
134,1,1,TRUE,FALSE,
133,1,1,TRUE,FALSE,
131,1,1,TRUE,FALSE,
121,1,1,TRUE,FALSE,
120,1,1,TRUE,FALSE,
119,1,1,TRUE,FALSE,
118,4,4,TRUE,FALSE,
117,1,1,TRUE,FALSE,
113,G07,,FALSE,FALSE,
112,1,1,TRUE,FALSE,
111,1,1,TRUE,FALSE,
110,1,1,TRUE,FALSE,
109,1,1,TRUE,FALSE,
108,1,1,TRUE,FALSE,
107,1,1,TRUE,FALSE,
106,1,1,TRUE,FALSE,
105,1,1,TRUE,FALSE,
93,4,4,TRUE,FALSE,
92,1,1,TRUE,FALSE,
90,1,1,TRUE,FALSE,
16,,08g,FALSE,FALSE,
18,,09a,FALSE,FALSE,
20,,09a,FALSE,FALSE,
136,9,9,TRUE,FALSE,
135,,09a,FALSE,FALSE,
134,,09a,FALSE,FALSE,
131,,12f,FALSE,FALSE,
129,,09a,FALSE,FALSE,
128,,09a,FALSE,FALSE,
125,,09a,FALSE,FALSE,
122,,11p,FALSE,FALSE,
121,,12f,FALSE,FALSE,
119,,12f,FALSE,FALSE,
118,31,31,TRUE,FALSE,
117,,31,FALSE,FALSE,
116,,12e,FALSE,FALSE,
114,,08h,FALSE,FALSE,
113,,17k,FALSE,FALSE,
112,,11p,FALSE,FALSE,
111,,11hDA,FALSE,FALSE,
109,,09a,FALSE,FALSE,
107,,11p,FALSE,FALSE,
106,,11gDA,FALSE,FALSE,
102,,17a,FALSE,FALSE,
139,,6,FALSE,FALSE,
101,,12f,FALSE,FALSE,
140,,17b,FALSE,FALSE,
142,22,22,TRUE,FALSE,
180,,09a,FALSE,FALSE,
179,,09a,FALSE,FALSE,
176,,11f,FALSE,FALSE,
175,,,TRUE,FALSE,
174,,11DA,FALSE,FALSE,
173,,08g,FALSE,FALSE,
172,,08m,FALSE,FALSE,
171,,09a,FALSE,FALSE,
169,,09a,FALSE,FALSE,
168,31,31,TRUE,FALSE,
167,,11d,FALSE,FALSE,
166,,22,FALSE,FALSE,
164,22,22,TRUE,FALSE,
163,,31,FALSE,FALSE,
162,,12*,FALSE,FALSE,
161,,12*,FALSE,FALSE,
160,,11eDA,FALSE,FALSE,
159,,09a,FALSE,FALSE,
150,,09a,FALSE,FALSE,
149,,09a,FALSE,FALSE,
147,,09a,FALSE,FALSE,
141,,08g,FALSE,FALSE,
99,,17b,FALSE,FALSE,
98,6,6,TRUE,FALSE,
97,,09a,FALSE,FALSE,
50,12,12,TRUE,FALSE,
47,,12c,FALSE,FALSE,
42,,12b,FALSE,FALSE,
41,,12b,FALSE,FALSE,
39,,22,FALSE,FALSE,
38,,17b,FALSE,FALSE,
37,,6,FALSE,FALSE,
36,,09a,FALSE,FALSE,
35,,09a,FALSE,FALSE,
33,,09a,FALSE,FALSE,
31,,09a,FALSE,FALSE,
30,,09a,FALSE,FALSE,
29,,09a,FALSE,FALSE,
28,,09a,FALSE,FALSE,
27,,09a,FALSE,FALSE,
26,,09a,FALSE,FALSE,
25,,11fDA,FALSE,FALSE,
24,,08jDA,FALSE,FALSE,
23,,24b,FALSE,FALSE,
22,,09a,FALSE,FALSE,
21,,09a,FALSE,FALSE,
51,,42,FALSE,FALSE,
52,,17b,FALSE,FALSE,
53,7,7,TRUE,FALSE,
54,,09a,FALSE,FALSE,
93,,09a,FALSE,FALSE,
91,22,22,TRUE,FALSE,
89,,09a,FALSE,FALSE,
88,,09a,FALSE,FALSE,
84,,21gDA,FALSE,FALSE,
83,,11j,FALSE,FALSE,
81,,12c,FALSE,FALSE,
80,,09a,FALSE,FALSE,
78,,17,FALSE,FALSE,
73,,08g,FALSE,FALSE,
4,,06b,FALSE,FALSE,
71,,09a,FALSE,FALSE,
69,31,31,TRUE,FALSE,
68,,22,FALSE,FALSE,
67,,11d,FALSE,FALSE,
66,22,22,TRUE,FALSE,
65,,12e,FALSE,FALSE,
64,31,31,TRUE,FALSE,
60,,33c,FALSE,FALSE,
59,,17b,FALSE,FALSE,
58,,12c,FALSE,FALSE,
56,,21gDA,FALSE,FALSE,
70,,09a,FALSE,FALSE,
34,1,1,TRUE,FALSE,
5,,5,FALSE,FALSE,
9,,05a,FALSE,FALSE,
120,1,1,TRUE,FALSE,
119,1,1,TRUE,FALSE,
118,1,1,TRUE,FALSE,
117,1,1,TRUE,FALSE,
116,1,1,TRUE,FALSE,
115,1,1,TRUE,FALSE,
114,1,1,TRUE,FALSE,
113,1,1,TRUE,FALSE,
112,1,1,TRUE,FALSE,
111,1,1,TRUE,FALSE,
110,1,1,TRUE,FALSE,
109,1,1,TRUE,FALSE,
108,1,1,TRUE,FALSE,
107,1,1,TRUE,FALSE,
106,1,1,TRUE,FALSE,
105,1,1,TRUE,FALSE,
104,1,1,TRUE,FALSE,
103,1,1,TRUE,FALSE,
102,1,1,TRUE,FALSE,
101,1,1,TRUE,FALSE,
100,1,1,TRUE,FALSE,
121,1,1,TRUE,FALSE,
99,1,1,TRUE,FALSE,
122,1,1,TRUE,FALSE,
124,1,1,TRUE,FALSE,
149,1,1,TRUE,FALSE,
148,1,1,TRUE,FALSE,
147,1,1,TRUE,FALSE,
146,1,1,TRUE,FALSE,
145,1,1,TRUE,FALSE,
144,1,1,TRUE,FALSE,
143,1,1,TRUE,FALSE,
142,1,1,TRUE,FALSE,
141,1,1,TRUE,FALSE,
140,2,2,TRUE,FALSE,
138,2,2,TRUE,FALSE,
137,1,1,TRUE,FALSE,
136,1,1,TRUE,FALSE,
135,2,2,TRUE,FALSE,
131,3,3,TRUE,FALSE,
130,3,3,TRUE,FALSE,
129,1,1,TRUE,FALSE,
128,1,1,TRUE,FALSE,
127,1,1,TRUE,FALSE,
126,1,1,TRUE,FALSE,
125,1,1,TRUE,FALSE,
123,1,1,TRUE,FALSE,
150,1,1,TRUE,FALSE,
98,1,1,TRUE,FALSE,
96,1,1,TRUE,FALSE,
15,4,4,TRUE,FALSE,
14,4,4,TRUE,FALSE,
13,1,1,TRUE,FALSE,
12,1,1,TRUE,FALSE,
11,1,1,TRUE,FALSE,
10,1,1,TRUE,FALSE,
9,1,1,TRUE,FALSE,
8,1,1,TRUE,FALSE,
7,1,1,TRUE,FALSE,
6,1,1,TRUE,FALSE,
5,1,1,TRUE,FALSE,
4,1,1,TRUE,FALSE,
3,1,1,TRUE,FALSE,
2,1,1,TRUE,FALSE,
1,1,1,TRUE,FALSE,
0,1,1,TRUE,FALSE,
132,42,42,TRUE,FALSE,
125,TBC,,FALSE,FALSE,
123,G07,,FALSE,FALSE,
121,42,42,TRUE,FALSE,
114,G01,,FALSE,FALSE,
22,1,1,TRUE,FALSE,
97,1,1,TRUE,FALSE,
48,1,1,TRUE,FALSE,
51,1,1,TRUE,FALSE,
95,1,1,TRUE,FALSE,
94,1,1,TRUE,FALSE,
93,1,1,TRUE,FALSE,
92,1,1,TRUE,FALSE,
91,1,1,TRUE,FALSE,
90,1,1,TRUE,FALSE,
89,1,1,TRUE,FALSE,
88,1,1,TRUE,FALSE,
87,1,1,TRUE,FALSE,
86,1,1,TRUE,FALSE,
85,1,1,TRUE,FALSE,
84,1,1,TRUE,FALSE,
83,1,1,TRUE,FALSE,
82,1,1,TRUE,FALSE,
81,1,1,TRUE,FALSE,
80,1,1,TRUE,FALSE,
77,1,1,TRUE,FALSE,
76,1,1,TRUE,FALSE,
70,4,4,TRUE,FALSE,
61,1,1,TRUE,FALSE,
56,1,1,TRUE,FALSE,
49,1,1,TRUE,FALSE,
107,G07,,FALSE,FALSE,
151,1,1,TRUE,FALSE,
155,1,1,TRUE,FALSE,
21,G07,,FALSE,FALSE,
20,G07,,FALSE,FALSE,
19,G07,,FALSE,FALSE,
18,G07,,FALSE,FALSE,
3,G07,,FALSE,FALSE,
2,G07,,FALSE,FALSE,
1,G07,,FALSE,FALSE,
224,1,1,TRUE,FALSE,
223,1,1,TRUE,FALSE,
222,1,1,TRUE,FALSE,
221,1,1,TRUE,FALSE,
220,1,1,TRUE,FALSE,
219,1,1,TRUE,FALSE,
218,1,1,TRUE,FALSE,
217,1,1,TRUE,FALSE,
216,1,1,TRUE,FALSE,
215,1,1,TRUE,FALSE,
214,1,1,TRUE,FALSE,
213,1,1,TRUE,FALSE,
212,1,1,TRUE,FALSE,
211,1,1,TRUE,FALSE,
22,G07,,FALSE,FALSE,
210,1,1,TRUE,FALSE,
23,G07,,FALSE,FALSE,
25,G07,,FALSE,FALSE,
70,3,3,TRUE,FALSE,
69,3,3,TRUE,FALSE,
68,G07,,FALSE,FALSE,
66,G07,,FALSE,FALSE,
65,G07,,FALSE,FALSE,
64,G07,,FALSE,FALSE,
62,G07,,FALSE,FALSE,
49,4,4,TRUE,FALSE,
47,G07,,FALSE,FALSE,
46,G07,,FALSE,FALSE,
45,G07,,FALSE,FALSE,
36,G07,,FALSE,FALSE,
35,G07,,FALSE,FALSE,
34,G07,,FALSE,FALSE,
32,G07,,FALSE,FALSE,
31,G07,,FALSE,FALSE,
30,G07,,FALSE,FALSE,
29,G07,,FALSE,FALSE,
28,G07,,FALSE,FALSE,
27,G07,,FALSE,FALSE,
26,G07,,FALSE,FALSE,
24,G07,,FALSE,FALSE,
152,2,2,TRUE,FALSE,
209,1,1,TRUE,FALSE,
207,1,1,TRUE,FALSE,
181,1,1,TRUE,FALSE,
180,1,1,TRUE,FALSE,
179,1,1,TRUE,FALSE,
178,1,1,TRUE,FALSE,
177,1,1,TRUE,FALSE,
176,1,1,TRUE,FALSE,
175,1,1,TRUE,FALSE,
174,1,1,TRUE,FALSE,
173,1,1,TRUE,FALSE,
172,1,1,TRUE,FALSE,
171,1,1,TRUE,FALSE,
170,1,1,TRUE,FALSE,
169,1,1,TRUE,FALSE,
168,1,1,TRUE,FALSE,
167,1,1,TRUE,FALSE,
166,1,1,TRUE,FALSE,
165,1,1,TRUE,FALSE,
163,1,1,TRUE,FALSE,
159,2,2,TRUE,FALSE,
158,1,1,TRUE,FALSE,
156,2,2,TRUE,FALSE,
182,1,1,TRUE,FALSE,
208,1,1,TRUE,FALSE,
183,1,1,TRUE,FALSE,
185,1,1,TRUE,FALSE,
206,1,1,TRUE,FALSE,
205,1,1,TRUE,FALSE,
204,1,1,TRUE,FALSE,
203,1,1,TRUE,FALSE,
202,1,1,TRUE,FALSE,
201,1,1,TRUE,FALSE,
200,1,1,TRUE,FALSE,
199,1,1,TRUE,FALSE,
198,1,1,TRUE,FALSE,
197,1,1,TRUE,FALSE,
196,1,1,TRUE,FALSE,
195,1,1,TRUE,FALSE,
194,1,1,TRUE,FALSE,
193,1,1,TRUE,FALSE,
192,1,1,TRUE,FALSE,
191,1,1,TRUE,FALSE,
190,1,1,TRUE,FALSE,
189,1,1,TRUE,FALSE,
188,1,1,TRUE,FALSE,
187,1,1,TRUE,FALSE,
186,1,1,TRUE,FALSE,
184,1,1,TRUE,FALSE,
36,4,4,TRUE,FALSE,
35,4,4,TRUE,FALSE,
225,1,1,TRUE,FALSE,
33,1,1,TRUE,FALSE,
32,1,1,TRUE,FALSE,
31,1,1,TRUE,FALSE,
30,1,1,TRUE,FALSE,
29,1,1,TRUE,FALSE,
28,1,1,TRUE,FALSE,
27,1,1,TRUE,FALSE,
26,1,1,TRUE,FALSE,
25,1,1,TRUE,FALSE,
24,1,1,TRUE,FALSE,
23,1,1,TRUE,FALSE,
22,1,1,TRUE,FALSE,
21,1,1,TRUE,FALSE,
20,1,1,TRUE,FALSE,
19,1,1,TRUE,FALSE,
18,1,1,TRUE,FALSE,
17,1,1,TRUE,FALSE,
16,1,1,TRUE,FALSE,
15,1,1,TRUE,FALSE,
14,1,1,TRUE,FALSE,
13,1,1,TRUE,FALSE,
34,1,1,TRUE,FALSE,
12,1,1,TRUE,FALSE,
35,1,1,TRUE,FALSE,
37,1,1,TRUE,FALSE,
58,4,4,TRUE,FALSE,
57,4,4,TRUE,FALSE,
56,1,1,TRUE,FALSE,
55,1,1,TRUE,FALSE,
54,1,1,TRUE,FALSE,
53,1,1,TRUE,FALSE,
52,1,1,TRUE,FALSE,
51,1,1,TRUE,FALSE,
50,1,1,TRUE,FALSE,
49,1,1,TRUE,FALSE,
48,1,1,TRUE,FALSE,
47,1,1,TRUE,FALSE,
46,1,1,TRUE,FALSE,
45,1,1,TRUE,FALSE,
44,1,1,TRUE,FALSE,
43,1,1,TRUE,FALSE,
42,1,1,TRUE,FALSE,
41,1,1,TRUE,FALSE,
40,1,1,TRUE,FALSE,
39,1,1,TRUE,FALSE,
38,1,1,TRUE,FALSE,
36,1,1,TRUE,FALSE,
65,1,1,TRUE,FALSE,
11,1,1,TRUE,FALSE,
9,1,1,TRUE,FALSE,
10,,,TRUE,FALSE,
9,,,TRUE,FALSE,
8,,,TRUE,FALSE,
7,,,TRUE,FALSE,
6,TBC,,FALSE,FALSE,
5,,,TRUE,FALSE,
4,TBC,,FALSE,FALSE,
3,,,TRUE,FALSE,
2,,,TRUE,FALSE,
1,TBC,,FALSE,FALSE,
0,TBC,,FALSE,FALSE,
14,,03b,FALSE,FALSE,
12,,03b,FALSE,FALSE,
11,,03b,FALSE,FALSE,
9,,03b,FALSE,FALSE,
5,,03b,FALSE,FALSE,
2,,03b,FALSE,FALSE,
16,6,6,TRUE,FALSE,
14,,03b,FALSE,FALSE,
13,,03b,FALSE,FALSE,
12,,03b,FALSE,FALSE,
33,44,44,TRUE,FALSE,
10,1,1,TRUE,FALSE,
42,44,44,TRUE,FALSE,
53,33,33,TRUE,FALSE,
8,1,1,TRUE,FALSE,
7,1,1,TRUE,FALSE,
6,1,1,TRUE,FALSE,
5,1,1,TRUE,FALSE,
4,1,1,TRUE,FALSE,
3,1,1,TRUE,FALSE,
2,1,1,TRUE,FALSE,
1,1,1,TRUE,FALSE,
0,1,1,TRUE,FALSE,
21,,,TRUE,FALSE,
45,3,3,TRUE,FALSE,
40,1,1,TRUE,FALSE,
27,1,1,TRUE,FALSE,
26,1,1,TRUE,FALSE,
25,1,1,TRUE,FALSE,
24,1,1,TRUE,FALSE,
5,16,16,TRUE,FALSE,
3,1,1,TRUE,FALSE,
2,1,1,TRUE,FALSE,
121,22,22,TRUE,FALSE,
90,22,22,TRUE,FALSE,
52,33,33,TRUE,FALSE,
89,1,1,TRUE,FALSE,
95,1,1,TRUE,FALSE,
96,1,1,TRUE,FALSE,
199,1,1,TRUE,FALSE,
198,1,1,TRUE,FALSE,
197,1,1,TRUE,FALSE,
196,1,1,TRUE,FALSE,
195,1,1,TRUE,FALSE,
194,1,1,TRUE,FALSE,
193,1,1,TRUE,FALSE,
192,1,1,TRUE,FALSE,
191,1,1,TRUE,FALSE,
190,1,1,TRUE,FALSE,
189,1,1,TRUE,FALSE,
188,1,1,TRUE,FALSE,
187,1,1,TRUE,FALSE,
186,1,1,TRUE,FALSE,
185,1,1,TRUE,FALSE,
184,1,1,TRUE,FALSE,
183,1,1,TRUE,FALSE,
182,1,1,TRUE,FALSE,
181,1,1,TRUE,FALSE,
180,1,1,TRUE,FALSE,
179,1,1,TRUE,FALSE,
200,1,1,TRUE,FALSE,
178,1,1,TRUE,FALSE,
201,1,1,TRUE,FALSE,
203,1,1,TRUE,FALSE,
224,1,1,TRUE,FALSE,
223,1,1,TRUE,FALSE,
222,1,1,TRUE,FALSE,
221,1,1,TRUE,FALSE,
220,1,1,TRUE,FALSE,
219,1,1,TRUE,FALSE,
218,1,1,TRUE,FALSE,
217,1,1,TRUE,FALSE,
216,1,1,TRUE,FALSE,
215,1,1,TRUE,FALSE,
214,1,1,TRUE,FALSE,
213,1,1,TRUE,FALSE,
212,1,1,TRUE,FALSE,
211,1,1,TRUE,FALSE,
210,1,1,TRUE,FALSE,
209,1,1,TRUE,FALSE,
208,1,1,TRUE,FALSE,
207,1,1,TRUE,FALSE,
206,1,1,TRUE,FALSE,
205,1,1,TRUE,FALSE,
204,1,1,TRUE,FALSE,
202,1,1,TRUE,FALSE,
177,1,1,TRUE,FALSE,
176,1,1,TRUE,FALSE,
175,1,1,TRUE,FALSE,
141,1,1,TRUE,FALSE,
140,1,1,TRUE,FALSE,
139,1,1,TRUE,FALSE,
138,1,1,TRUE,FALSE,
137,1,1,TRUE,FALSE,
136,1,1,TRUE,FALSE,
135,1,1,TRUE,FALSE,
132,3,3,TRUE,FALSE,
131,3,3,TRUE,FALSE,
130,1,1,TRUE,FALSE,
128,2,2,TRUE,FALSE,
124,4,4,TRUE,FALSE,
122,1,1,TRUE,FALSE,
114,1,1,TRUE,FALSE,
109,1,1,TRUE,FALSE,
103,1,1,TRUE,FALSE,
102,1,1,TRUE,FALSE,
101,1,1,TRUE,FALSE,
100,1,1,TRUE,FALSE,
99,1,1,TRUE,FALSE,
98,1,1,TRUE,FALSE,
142,1,1,TRUE,FALSE,
143,1,1,TRUE,FALSE,
144,1,1,TRUE,FALSE,
145,2,2,TRUE,FALSE,
174,1,1,TRUE,FALSE,
173,1,1,TRUE,FALSE,
172,1,1,TRUE,FALSE,
171,1,1,TRUE,FALSE,
170,1,1,TRUE,FALSE,
169,1,1,TRUE,FALSE,
168,1,1,TRUE,FALSE,
167,1,1,TRUE,FALSE,
166,1,1,TRUE,FALSE,
165,1,1,TRUE,FALSE,
8,5,5,TRUE,FALSE,
160,2,2,TRUE,FALSE,
157,2,2,TRUE,FALSE,
156,1,1,TRUE,FALSE,
154,2,2,TRUE,FALSE,
153,1,1,TRUE,FALSE,
151,1,1,TRUE,FALSE,
150,1,1,TRUE,FALSE,
149,1,1,TRUE,FALSE,
148,1,1,TRUE,FALSE,
147,1,1,TRUE,FALSE,
146,2,2,TRUE,FALSE,
159,1,1,TRUE,FALSE,
33,1,1,TRUE,FALSE,
291,,31,FALSE,FALSE,
31,G07,,FALSE,FALSE,
23,G04,,FALSE,FALSE,
22,,,TRUE,FALSE,
21,G04,,FALSE,FALSE,
20,G04,,FALSE,FALSE,
19,,,TRUE,FALSE,
18,,,TRUE,FALSE,
17,G04,,FALSE,FALSE,
16,G04,,FALSE,FALSE,
15,,,TRUE,FALSE,
14,,,TRUE,FALSE,
13,G04,,FALSE,FALSE,
12,G04,,FALSE,FALSE,
11,,,TRUE,FALSE,
10,G02,,FALSE,FALSE,
7,,3,FALSE,FALSE,
24,G04,,FALSE,FALSE,
25,G04,,FALSE,FALSE,
26,G04,,FALSE,FALSE,
27,G02,,FALSE,FALSE,
43,G04,,FALSE,FALSE,
42,G04,,FALSE,FALSE,
41,G04,,FALSE,FALSE,
40,3,,FALSE,FALSE,
39,,,TRUE,FALSE,
38,,12,FALSE,FALSE,
37,,,TRUE,FALSE,
6,,3,FALSE,FALSE,
36,,16,FALSE,FALSE,
34,,,TRUE,FALSE,
33,G02,,FALSE,FALSE,
32,G04,,FALSE,FALSE,
31,G04,,FALSE,FALSE,
30,G04,,FALSE,FALSE,
29,G04,,FALSE,FALSE,
28,,,TRUE,FALSE,
35,16,16,TRUE,FALSE,
5,,3,FALSE,FALSE,
4,,17c,FALSE,FALSE,
2,,03DA,FALSE,FALSE,
8,,06b,FALSE,FALSE,
6,,06b,FALSE,FALSE,
3,,05a,FALSE,FALSE,
2,,03b,FALSE,FALSE,
1,,33c,FALSE,FALSE,
0,,33c,FALSE,FALSE,
42,45,45,TRUE,FALSE,
32,1,1,TRUE,FALSE,
28,16,16,TRUE,FALSE,
19,6,6,TRUE,FALSE,
16,17,17,TRUE,FALSE,
13,16,16,TRUE,FALSE,
5,4,4,TRUE,FALSE,
13,,as H11/ 134A,FALSE,FALSE,
12,,,TRUE,FALSE,
10,,E5a,FALSE,FALSE,
20,6,6,TRUE,FALSE,
44,G04,,FALSE,FALSE,
14,,06b,FALSE,FALSE,
18,,6,FALSE,FALSE,
1,3,3,TRUE,FALSE,
0,3,3,TRUE,FALSE,
41,TBC,,FALSE,FALSE,
40,,,TRUE,FALSE,
39,,9,FALSE,FALSE,
38,,9,FALSE,FALSE,
35,Supplied by Specialist Contractor,,FALSE,FALSE,
17,,06b,FALSE,FALSE,
33,,03b,FALSE,FALSE,
28,,03b,FALSE,FALSE,
26,,,TRUE,FALSE,
25,,,TRUE,FALSE,
24,G08,,FALSE,FALSE,
23,G09,,FALSE,FALSE,
22,,05DA,FALSE,FALSE,
20,Supplied by Specialist Contractor,,FALSE,FALSE,
30,,03b,FALSE,FALSE,
45,,,TRUE,FALSE,
46,G04,,FALSE,FALSE,
47,G04,,FALSE,FALSE,
34,,E1c,FALSE,FALSE,
31,,E1c,FALSE,FALSE,
29,,E1a,FALSE,FALSE,
27,,E1d,FALSE,FALSE,
25,,E1e,FALSE,FALSE,
23,,E1a,FALSE,FALSE,
19,,E6b,FALSE,FALSE,
35,,E3a,FALSE,FALSE,
17,,E1c,FALSE,FALSE,
15,,E1c,FALSE,FALSE,
13,,E1c,FALSE,FALSE,
12,,E1c,FALSE,FALSE,
11,,E1c,FALSE,FALSE,
10,,E1c,FALSE,FALSE,
9,,E1f,FALSE,FALSE,
6,,E1c,FALSE,FALSE,
16,,E1c,FALSE,FALSE,
5,,E1c,FALSE,FALSE,
36,,E1c,FALSE,FALSE,
39,,E1c,FALSE,FALSE,
44,3,3,TRUE,FALSE,
43,Specialist,,FALSE,FALSE,
40,6,6,TRUE,FALSE,
26,3,3,TRUE,FALSE,
12,18,18,TRUE,FALSE,
11,18,18,TRUE,FALSE,
10,18,18,TRUE,FALSE,
37,,E1c,FALSE,FALSE,
9,18,18,TRUE,FALSE,
5,49,49,TRUE,FALSE,
0,6,6,TRUE,FALSE,
48,,E1a,FALSE,FALSE,
47,,,TRUE,FALSE,
45,,E1a,FALSE,FALSE,
44,,E1c,FALSE,FALSE,
43,E1e,,FALSE,FALSE,
6,18,18,TRUE,FALSE,
9,,E5a,FALSE,FALSE,
4,,E1c,FALSE,FALSE,
2,,E1c,FALSE,FALSE,
1,,E3a,FALSE,FALSE,
0,,E4b,FALSE,FALSE,
1,,E4a,FALSE,FALSE,
0,,E3a,FALSE,FALSE,
59,,,TRUE,FALSE,
58,G04,,FALSE,FALSE,
57,,,TRUE,FALSE,
2,,E4b,FALSE,FALSE,
56,G04,,FALSE,FALSE,
54,,,TRUE,FALSE,
53,G04,,FALSE,FALSE,
52,,,TRUE,FALSE,
51,G04,,FALSE,FALSE,
50,G04,,FALSE,FALSE,
49,,,TRUE,FALSE,
48,,,TRUE,FALSE,
55,G04,,FALSE,FALSE,
3,,E1c,FALSE,FALSE,
3,,E4b,FALSE,FALSE,
5,,E4b,FALSE,FALSE,
1,,E1c,FALSE,FALSE,
23,TBC,,FALSE,FALSE,
22,,as H11/135A,FALSE,FALSE,
21,,as L20/491,FALSE,FALSE,
19,,E1e,FALSE,FALSE,
17,,E4b,FALSE,FALSE,
16,,E4b,FALSE,FALSE,
4,,E4a,FALSE,FALSE,
15,,E4b,FALSE,FALSE,
13,,E4a,FALSE,FALSE,
12,,as H11/134A,FALSE,FALSE,
11,,E4a,FALSE,FALSE,
10,,E4b,FALSE,FALSE,
9,,E4b,FALSE,FALSE,
8,,E4b,FALSE,FALSE,
6,,E4b,FALSE,FALSE,
14,,as H11/134A,FALSE,FALSE,
3,6,6,TRUE,FALSE,
7,,E5a,FALSE,FALSE,
3,,E1c,FALSE,FALSE,
58,1,1,TRUE,FALSE,
57,1,1,TRUE,FALSE,
56,1,1,TRUE,FALSE,
55,1,1,TRUE,FALSE,
54,1,1,TRUE,FALSE,
53,1,1,TRUE,FALSE,
52,1,1,TRUE,FALSE,
51,1,1,TRUE,FALSE,
50,1,1,TRUE,FALSE,
49,1,1,TRUE,FALSE,
48,1,1,TRUE,FALSE,
47,1,1,TRUE,FALSE,
46,1,1,TRUE,FALSE,
45,1,1,TRUE,FALSE,
44,1,1,TRUE,FALSE,
59,1,1,TRUE,FALSE,
60,1,1,TRUE,FALSE,
61,1,1,TRUE,FALSE,
62,4,4,TRUE,FALSE,
93,1,1,TRUE,FALSE,
92,1,1,TRUE,FALSE,
91,1,1,TRUE,FALSE,
90,1,1,TRUE,FALSE,
89,1,1,TRUE,FALSE,
88,1,1,TRUE,FALSE,
87,1,1,TRUE,FALSE,
43,1,1,TRUE,FALSE,
86,1,1,TRUE,FALSE,
84,1,1,TRUE,FALSE,
83,1,1,TRUE,FALSE,
82,1,1,TRUE,FALSE,
80,1,1,TRUE,FALSE,
72,1,1,TRUE,FALSE,
71,1,1,TRUE,FALSE,
63,1,1,TRUE,FALSE,
85,1,1,TRUE,FALSE,
42,1,1,TRUE,FALSE,
41,1,1,TRUE,FALSE,
39,1,1,TRUE,FALSE,
3,1,1,TRUE,FALSE,
2,1,1,TRUE,FALSE,
0,1,1,TRUE,FALSE,
19,6,6,TRUE,FALSE,
15,Supplied by Specialist Contractor,,FALSE,FALSE,
14,6,6,TRUE,FALSE,
13,6,6,TRUE,FALSE,
4,1,1,TRUE,FALSE,
12,6,6,TRUE,FALSE,
10,6,6,TRUE,FALSE,
63,Supplied by Specialist Contractor,,FALSE,FALSE,
51,TBC,,FALSE,FALSE,
50,47,47,TRUE,FALSE,
34,16,16,TRUE,FALSE,
32,,,TRUE,FALSE,
7,Supplied by Specialist Contractor,,FALSE,FALSE,
11,6,6,TRUE,FALSE,
94,1,1,TRUE,FALSE,
5,1,1,TRUE,FALSE,
7,1,1,TRUE,FALSE,
31,1,1,TRUE,FALSE,
30,1,1,TRUE,FALSE,
22,1,1,TRUE,FALSE,
21,4,4,TRUE,FALSE,
19,1,1,TRUE,FALSE,
18,1,1,TRUE,FALSE,
17,1,1,TRUE,FALSE,
6,1,1,TRUE,FALSE,
16,1,1,TRUE,FALSE,
14,1,1,TRUE,FALSE,
13,1,1,TRUE,FALSE,
12,1,1,TRUE,FALSE,
11,1,1,TRUE,FALSE,
10,1,1,TRUE,FALSE,
9,1,1,TRUE,FALSE,
8,1,1,TRUE,FALSE,
15,1,1,TRUE,FALSE,
95,4,4,TRUE,FALSE,
96,1,1,TRUE,FALSE,
105,1,1,TRUE,FALSE,
183,1,1,TRUE,FALSE,
182,1,1,TRUE,FALSE,
181,1,1,TRUE,FALSE,
180,1,1,TRUE,FALSE,
179,1,1,TRUE,FALSE,
178,1,1,TRUE,FALSE,
177,1,1,TRUE,FALSE,
184,1,1,TRUE,FALSE,
176,1,1,TRUE,FALSE,
174,1,1,TRUE,FALSE,
173,1,1,TRUE,FALSE,
172,1,1,TRUE,FALSE,
171,1,1,TRUE,FALSE,
170,1,1,TRUE,FALSE,
169,1,1,TRUE,FALSE,
168,1,1,TRUE,FALSE,
175,1,1,TRUE,FALSE,
167,1,1,TRUE,FALSE,
185,1,1,TRUE,FALSE,
187,1,1,TRUE,FALSE,
1,,E1c,FALSE,FALSE,
202,1,1,TRUE,FALSE,
201,1,1,TRUE,FALSE,
200,1,1,TRUE,FALSE,
199,1,1,TRUE,FALSE,
198,1,1,TRUE,FALSE,
197,1,1,TRUE,FALSE,
186,1,1,TRUE,FALSE,
196,1,1,TRUE,FALSE,
194,1,1,TRUE,FALSE,
193,1,1,TRUE,FALSE,
192,1,1,TRUE,FALSE,
191,1,1,TRUE,FALSE,
190,1,1,TRUE,FALSE,
189,1,1,TRUE,FALSE,
188,1,1,TRUE,FALSE,
195,1,1,TRUE,FALSE,
4,,E5d,FALSE,FALSE,
166,1,1,TRUE,FALSE,
164,1,1,TRUE,FALSE,
138,1,1,TRUE,FALSE,
137,1,1,TRUE,FALSE,
136,1,1,TRUE,FALSE,
135,1,1,TRUE,FALSE,
134,1,1,TRUE,FALSE,
133,1,1,TRUE,FALSE,
132,1,1,TRUE,FALSE,
139,1,1,TRUE,FALSE,
131,1,1,TRUE,FALSE,
129,1,1,TRUE,FALSE,
128,2,2,TRUE,FALSE,
126,2,2,TRUE,FALSE,
124,1,1,TRUE,FALSE,
123,2,2,TRUE,FALSE,
114,1,1,TRUE,FALSE,
106,1,1,TRUE,FALSE,
130,1,1,TRUE,FALSE,
165,1,1,TRUE,FALSE,
140,2,2,TRUE,FALSE,
143,2,2,TRUE,FALSE,
163,1,1,TRUE,FALSE,
162,1,1,TRUE,FALSE,
161,1,1,TRUE,FALSE,
160,1,1,TRUE,FALSE,
159,1,1,TRUE,FALSE,
158,1,1,TRUE,FALSE,
157,1,1,TRUE,FALSE,
142,1,1,TRUE,FALSE,
156,1,1,TRUE,FALSE,
154,1,1,TRUE,FALSE,
153,1,1,TRUE,FALSE,
152,1,1,TRUE,FALSE,
151,1,1,TRUE,FALSE,
150,1,1,TRUE,FALSE,
146,2,2,TRUE,FALSE,
145,1,1,TRUE,FALSE,
155,1,1,TRUE,FALSE,
20,4,4,TRUE,FALSE,
73,TBC,,FALSE,FALSE,
17,1,1,TRUE,FALSE,
6,1,1,TRUE,FALSE,
41,3,3,TRUE,FALSE,
4,1,1,TRUE,FALSE,
28,1,1,TRUE,FALSE,
29,1,1,TRUE,FALSE,
75,TBC,,FALSE,FALSE,
63,4,4,TRUE,FALSE,
80,43,43,TRUE,FALSE,
62,2,2,TRUE,FALSE,
61,2,2,TRUE,FALSE,
58,17b,,FALSE,FALSE,
65,3,3,TRUE,FALSE,
27,G07,,FALSE,FALSE,
33,As Spec Ref: L11/581,,FALSE,FALSE,
40,1,1,TRUE,FALSE,
3,1,1,TRUE,FALSE,
41,1,1,TRUE,FALSE,
7,1,1,TRUE,FALSE,
8,1,1,TRUE,FALSE,
42,3,3,TRUE,FALSE,
8,44,44,TRUE,FALSE,
24,1,1,TRUE,FALSE,
13,44,44,TRUE,FALSE,
18,1,1,TRUE,FALSE,
25,1,1,TRUE,FALSE,
16,1,1,TRUE,FALSE,
30,1,1,TRUE,FALSE,
26,1,1,TRUE,FALSE,
21,1,1,TRUE,FALSE,
15,G07,,FALSE,FALSE,
22,1,1,TRUE,FALSE,
19,1,1,TRUE,FALSE,
68,42,42,TRUE,FALSE,
72,1,1,TRUE,FALSE,
12,1,1,TRUE,FALSE,
11,1,1,TRUE,FALSE,
71,1,1,TRUE,FALSE,
23,1,1,TRUE,FALSE,
26,01FP,01FP,TRUE,TRUE,
25,01FP,01FP,TRUE,TRUE,
32,01FP,01FP,TRUE,TRUE,
27,01FP,01FP,TRUE,TRUE,
28,01FP,01FP,TRUE,TRUE,
24,01FP,01FP,TRUE,TRUE,
29,01FP,01FP,TRUE,TRUE,
30,01FP,01FP,TRUE,TRUE,
31,01FP,01FP,TRUE,TRUE,
110,06b,06b,TRUE,TRUE,
34,01FP,01FP,TRUE,TRUE,
111,06b,06b,TRUE,TRUE,
37,12FP,12FP,TRUE,TRUE,
38,12bFP,12bFP,TRUE,TRUE,
39,12bFP,12bFP,TRUE,TRUE,
40,12bFP,12bFP,TRUE,TRUE,
41,06bFP,06bFP,TRUE,TRUE,
42,06bFP,06bFP,TRUE,TRUE,
46,06b,06b,TRUE,TRUE,
45,06b,06b,TRUE,TRUE,
43,04b,04b,TRUE,TRUE,
44,06bFP,06bFP,TRUE,TRUE,
33,01FP,01FP,TRUE,TRUE,
23,01FP,01FP,TRUE,TRUE,
9,01FP,01FP,TRUE,TRUE,
21,01FP,01FP,TRUE,TRUE,
1,01FP,01FP,TRUE,TRUE,
0,01FP,01FP,TRUE,TRUE,
112,12*,12*,TRUE,TRUE,
113,12*,12*,TRUE,TRUE,
115,12*,12*,TRUE,TRUE,
115,17b,17b,TRUE,TRUE,
2,01FP,01FP,TRUE,TRUE,
116,12e*,12e*,TRUE,TRUE,
118,12e*,12e*,TRUE,TRUE,
119,12*,12*,TRUE,TRUE,
120,12e*,12e*,TRUE,TRUE,
121,12e*,12e*,TRUE,TRUE,
122,03b,03b,TRUE,TRUE,
116,12e*,12e*,TRUE,TRUE,
117,12*,12*,TRUE,TRUE,
3,01FP,01FP,TRUE,TRUE,
4,01FP,01FP,TRUE,TRUE,
5,01FP,01FP,TRUE,TRUE,
20,01FP,01FP,TRUE,TRUE,
19,01FP,01FP,TRUE,TRUE,
18,01FP,01FP,TRUE,TRUE,
17,01FP,01FP,TRUE,TRUE,
16,01FP,01FP,TRUE,TRUE,
15,01FP,01FP,TRUE,TRUE,
14,01FP,01FP,TRUE,TRUE,
13,01FP,01FP,TRUE,TRUE,
12,01FP,01FP,TRUE,TRUE,
11,01FP,01FP,TRUE,TRUE,
10,01FP,01FP,TRUE,TRUE,
47,03bFP,03bFP,TRUE,TRUE,
8,01FP,01FP,TRUE,TRUE,
7,01FP,01FP,TRUE,TRUE,
6,01FP,01FP,TRUE,TRUE,
22,01FP,01FP,TRUE,TRUE,
48,08h,08h,TRUE,TRUE,
24,03b,03b,TRUE,TRUE,
50,06b,06b,TRUE,TRUE,
108,12e*,12e*,TRUE,TRUE,
113,17bFP,17bFP,TRUE,TRUE,
112,01FP,01FP,TRUE,TRUE,
111,01FP,01FP,TRUE,TRUE,
110,01FP,01FP,TRUE,TRUE,
109,01FP,01FP,TRUE,TRUE,
108,01FP,01FP,TRUE,TRUE,
109,04b,04b,TRUE,TRUE,
115,03DAFP,03DAFP,TRUE,TRUE,
106,01FP,01FP,TRUE,TRUE,
104,03DAFP,03DAFP,TRUE,TRUE,
103,17bFP,17bFP,TRUE,TRUE,
102,17bFP,17bFP,TRUE,TRUE,
101,17bFP,17bFP,TRUE,TRUE,
100,17bFP,17bFP,TRUE,TRUE,
99,03gFP,03gFP,TRUE,TRUE,
98,03gFP,03gFP,TRUE,TRUE,
97,17bFP,17bFP,TRUE,TRUE,
105,06b,06b,TRUE,TRUE,
116,03FP,03FP,TRUE,TRUE,
117,21FP,21FP,TRUE,TRUE,
118,03FP,03FP,TRUE,TRUE,
138,03bFP,03bFP,TRUE,TRUE,
137,17bFP,17bFP,TRUE,TRUE,
136,06bFP,06bFP,TRUE,TRUE,
135,06b,06b,TRUE,TRUE,
134,03DAFP,03DAFP,TRUE,TRUE,
133,08FP,08FP,TRUE,TRUE,
104,03b,03b,TRUE,TRUE,
131,06bFP,06bFP,TRUE,TRUE,
130,06bFP,06bFP,TRUE,TRUE,
129,06bFP,06bFP,TRUE,TRUE,
128,17bFP,17bFP,TRUE,TRUE,
127,06bFP,06bFP,TRUE,TRUE,
126,06bFP,06bFP,TRUE,TRUE,
124,06b,06b,TRUE,TRUE,
114,06b,06b,TRUE,TRUE,
122,17bFP,17bFP,TRUE,TRUE,
107,06b,06b,TRUE,TRUE,
120,33aFP,33aFP,TRUE,TRUE,
119,03FP,03FP,TRUE,TRUE,
96,03gFP,03gFP,TRUE,TRUE,
49,06b,06b,TRUE,TRUE,
95,03gFP,03gFP,TRUE,TRUE,
93,17bFP,17bFP,TRUE,TRUE,
69,06bFP,06bFP,TRUE,TRUE,
68,06b,06b,TRUE,TRUE,
67,17bFP,17bFP,TRUE,TRUE,
66,03bFP,03bFP,TRUE,TRUE,
65,17bFP,17bFP,TRUE,TRUE,
64,06b,06b,TRUE,TRUE,
63,01FP,01FP,TRUE,TRUE,
62,01FP,01FP,TRUE,TRUE,
70,06bFP,06bFP,TRUE,TRUE,
61,06bFP,06bFP,TRUE,TRUE,
59,01FP,01FP,TRUE,TRUE,
58,01FP,01FP,TRUE,TRUE,
57,01FP,01FP,TRUE,TRUE,
56,06bFP,06bFP,TRUE,TRUE,
55,06b,06b,TRUE,TRUE,
54,06b,06b,TRUE,TRUE,
52,17b,17b,TRUE,TRUE,
51,33aFP,33aFP,TRUE,TRUE,
60,06b,06b,TRUE,TRUE,
71,03gFP,03gFP,TRUE,TRUE,
72,03gFP,03gFP,TRUE,TRUE,
73,03gFP,03gFP,TRUE,TRUE,
92,17bFP,17bFP,TRUE,TRUE,
91,03gFP,03gFP,TRUE,TRUE,
90,03gFP,03gFP,TRUE,TRUE,
89,17bFP,17bFP,TRUE,TRUE,
88,17bFP,17bFP,TRUE,TRUE,
87,03bFP,03bFP,TRUE,TRUE,
86,04b,04b,TRUE,TRUE,
85,06b,06b,TRUE,TRUE,
84,29DAFP,29DAFP,TRUE,TRUE,
83,29aDAFP,29aDAFP,TRUE,TRUE,
82,06bFP,06bFP,TRUE,TRUE,
81,01FP,01FP,TRUE,TRUE,
80,03bFP,03bFP,TRUE,TRUE,
79,12*FP,12*FP,TRUE,TRUE,
78,12*FP,12*FP,TRUE,TRUE,
77,11bFP,11bFP,TRUE,TRUE,
76,06b,06b,TRUE,TRUE,
75,03gFP,03gFP,TRUE,TRUE,
74,03gFP,03gFP,TRUE,TRUE,
94,33cFP,33cFP,TRUE,TRUE,
53,02FP,02FP,TRUE,TRUE,
70,03b,03b,TRUE,TRUE,
139,03bFP,03bFP,TRUE,TRUE,
6,E1c,E1c,TRUE,TRUE,
97,06b,06b,TRUE,TRUE,
7,17e,17e,TRUE,TRUE,
8,E5a,E5a,TRUE,TRUE,
94,03b,03b,TRUE,TRUE,
93,06b,06b,TRUE,TRUE,
92,06b,06b,TRUE,TRUE,
5,E1c,E1c,TRUE,TRUE,
91,06b,06b,TRUE,TRUE,
14,04b,04b,TRUE,TRUE,
88,06b,06b,TRUE,TRUE,
87,06b,06b,TRUE,TRUE,
86,06b,06b,TRUE,TRUE,
85,06b,06b,TRUE,TRUE,
84,03b,03b,TRUE,TRUE,
83,06b,06b,TRUE,TRUE,
90,06b,06b,TRUE,TRUE,
15,06c,06c,TRUE,TRUE,
16,11DA,11DA,TRUE,TRUE,
2,E5c,E5c,TRUE,TRUE,
119,12*,12*,TRUE,TRUE,
118,06b,06b,TRUE,TRUE,
117,06b,06b,TRUE,TRUE,
116,04b,04b,TRUE,TRUE,
115,06b,06b,TRUE,TRUE,
18,17b,17b,TRUE,TRUE,
113,17b,17b,TRUE,TRUE,
112,06b,06b,TRUE,TRUE,
111,06b,06b,TRUE,TRUE,
110,04b,04b,TRUE,TRUE,
0,E4c,E4c,TRUE,TRUE,
108,06b,06b,TRUE,TRUE,
107,12e*,12e*,TRUE,TRUE,
106,03b,03b,TRUE,TRUE,
105,06b,06b,TRUE,TRUE,
104,11v,11v,TRUE,TRUE,
17,04b,04b,TRUE,TRUE,
82,17b,17b,TRUE,TRUE,
81,33a,33a,TRUE,TRUE,
80,04b,04b,TRUE,TRUE,
79,06b,06b,TRUE,TRUE,
10,11fDA,11fDA,TRUE,TRUE,
11,11fDA,11fDA,TRUE,TRUE,
14,E8,E8,TRUE,TRUE,
15,E1c,E1c,TRUE,TRUE,
0,06b,06b,TRUE,TRUE,
1,06b,06b,TRUE,TRUE,
2,17c,17c,TRUE,TRUE,
3,06b,06b,TRUE,TRUE,
4,03DA,03DA,TRUE,TRUE,
12,08l,08l,TRUE,TRUE,
6,06b,06b,TRUE,TRUE,
7,03DA,03DA,TRUE,TRUE,
8,03DA,03DA,TRUE,TRUE,
9,04b,04b,TRUE,TRUE,
10,11q,11q,TRUE,TRUE,
0,03b,03b,TRUE,TRUE,
1,06b,06b,TRUE,TRUE,
11,as H11/ 134A,as H11/ 134A,TRUE,TRUE,
120,12*,12*,TRUE,TRUE,
59,12*,12*,TRUE,TRUE,
61,12*,12*,TRUE,TRUE,
78,08h,08h,TRUE,TRUE,
77,06b,06b,TRUE,TRUE,
76,06b,06b,TRUE,TRUE,
75,06b,06b,TRUE,TRUE,
74,04b,04b,TRUE,TRUE,
73,06b,06b,TRUE,TRUE,
72,06b,06b,TRUE,TRUE,
71,06b,06b,TRUE,TRUE,
70,12e*,12e*,TRUE,TRUE,
69,11v,11v,TRUE,TRUE,
68,12*,12*,TRUE,TRUE,
67,12e*,12e*,TRUE,TRUE,
66,12*,12*,TRUE,TRUE,
9,08*DA,08*DA,TRUE,TRUE,
64,12*,12*,TRUE,TRUE,
63,12*,12*,TRUE,TRUE,
62,12*,12*,TRUE,TRUE,
60,12*,12*,TRUE,TRUE,
121,33g,33g,TRUE,TRUE,
2,11b*,11b*,TRUE,TRUE,
123,17b,17b,TRUE,TRUE,
60,06b,06b,TRUE,TRUE,
59,13c,13c,TRUE,TRUE,
57,06b,06b,TRUE,TRUE,
142,12e*,12e*,TRUE,TRUE,
56,11*,11*,TRUE,TRUE,
55,06b,06b,TRUE,TRUE,
54,12e*,12e*,TRUE,TRUE,
53,03b,03b,TRUE,TRUE,
52,03g,03g,TRUE,TRUE,
51,03g,03g,TRUE,TRUE,
50,26a,26a,TRUE,TRUE,
49,03b,03b,TRUE,TRUE,
48,05aDA,05aDA,TRUE,TRUE,
47,19a,19a,TRUE,TRUE,
46,06b,06b,TRUE,TRUE,
45,19a,19a,TRUE,TRUE,
44,05a,05a,TRUE,TRUE,
149,11b*,11b*,TRUE,TRUE,
43,05a,05a,TRUE,TRUE,
148,12g,12g,TRUE,TRUE,
64,06b,06b,TRUE,TRUE,
127,03b,03b,TRUE,TRUE,
69,06b,06b,TRUE,TRUE,
67,17b,17b,TRUE,TRUE,
122,12*,12*,TRUE,TRUE,
123,12e*,12e*,TRUE,TRUE,
124,06b,06b,TRUE,TRUE,
125,33a,33a,TRUE,TRUE,
126,22b*,22b*,TRUE,TRUE,
127,30a,30a,TRUE,TRUE,
128,30a,30a,TRUE,TRUE,
129,06b,06b,TRUE,TRUE,
130,06b,06b,TRUE,TRUE,
66,06b,06b,TRUE,TRUE,
141,03b,03b,TRUE,TRUE,
132,06b,06b,TRUE,TRUE,
65,06b,06b,TRUE,TRUE,
144,03b,03b,TRUE,TRUE,
147,03b,03b,TRUE,TRUE,
125,03b,03b,TRUE,TRUE,
157,03DA,03DA,TRUE,TRUE,
164,09b,09b,TRUE,TRUE,
29,03b,03b,TRUE,TRUE,
28,03b,03b,TRUE,TRUE,
27,03b,03b,TRUE,TRUE,
26,03b,03b,TRUE,TRUE,
25,06b,06b,TRUE,TRUE,
24,17b,17b,TRUE,TRUE,
134,03b,03b,TRUE,TRUE,
133,03b,03b,TRUE,TRUE,
23,06b,06b,TRUE,TRUE,
22,17c,17c,TRUE,TRUE,
21,22c,22c,TRUE,TRUE,
129,03b,03b,TRUE,TRUE,
20,17b,17b,TRUE,TRUE,
127,03DA,03DA,TRUE,TRUE,
126,12e*,12e*,TRUE,TRUE,
125,12*,12*,TRUE,TRUE,
19,17b,17b,TRUE,TRUE,
30,03b,03b,TRUE,TRUE,
42,03b,03b,TRUE,TRUE,
31,06b,06b,TRUE,TRUE,
33,03b,03b,TRUE,TRUE,
163,12e*,12e*,TRUE,TRUE,
162,12e*,12e*,TRUE,TRUE,
161,03b,03b,TRUE,TRUE,
160,03b,03b,TRUE,TRUE,
158,03b,03b,TRUE,TRUE,
162,03b,03b,TRUE,TRUE,
155,03b,03b,TRUE,TRUE,
163,03b,03b,TRUE,TRUE,
164,05a,05a,TRUE,TRUE,
152,06b,06b,TRUE,TRUE,
165,03b,03b,TRUE,TRUE,
39,06b,06b,TRUE,TRUE,
38,11*,11*,TRUE,TRUE,
37,12e*,12e*,TRUE,TRUE,
36,05cDA,05cDA,TRUE,TRUE,
35,22c,22c,TRUE,TRUE,
34,21DA,21DA,TRUE,TRUE,
32,06b,06b,TRUE,TRUE,
140,12FP,12FP,TRUE,TRUE,
154,01FP,01FP,TRUE,TRUE,
142,03gFP,03gFP,TRUE,TRUE,
3,06b,06b,TRUE,TRUE,
4,04b*,04b*,TRUE,TRUE,
5,06b,06b,TRUE,TRUE,
6,17c,17c,TRUE,TRUE,
7,08p,08p,TRUE,TRUE,
8,08m,08m,TRUE,TRUE,
9,17b,17b,TRUE,TRUE,
2,06b,06b,TRUE,TRUE,
41,06b,06b,TRUE,TRUE,
44,03b,03b,TRUE,TRUE,
45,17b,17b,TRUE,TRUE,
46,05cDA,05cDA,TRUE,TRUE,
16,03b,03b,TRUE,TRUE,
17,03b,03b,TRUE,TRUE,
18,06b,06b,TRUE,TRUE,
47,05cDA,05cDA,TRUE,TRUE,
43,33a,33a,TRUE,TRUE,
1,06b,06b,TRUE,TRUE,
0,04b,04b,TRUE,TRUE,
64,11fDA,11fDA,TRUE,TRUE,
45,06b,06b,TRUE,TRUE,
46,06b,06b,TRUE,TRUE,
47,06b,06b,TRUE,TRUE,
48,06b,06b,TRUE,TRUE,
49,06b,06b,TRUE,TRUE,
52,11q,11q,TRUE,TRUE,
53,06b,06b,TRUE,TRUE,
54,17b,17b,TRUE,TRUE,
55,06b,06b,TRUE,TRUE,
56,04b,04b,TRUE,TRUE,
57,06b,06b,TRUE,TRUE,
58,06b,06b,TRUE,TRUE,
59,06b,06b,TRUE,TRUE,
60,06b,06b,TRUE,TRUE,
61,06b,06b,TRUE,TRUE,
62,06b,06b,TRUE,TRUE,
40,12*,12*,TRUE,TRUE,
20,17b,17b,TRUE,TRUE,
44,06b,06b,TRUE,TRUE,
21,06b,06b,TRUE,TRUE,
48,05cDA,05cDA,TRUE,TRUE,
62,03b,03b,TRUE,TRUE,
63,05a,05a,TRUE,TRUE,
64,03b,03b,TRUE,TRUE,
65,03b,03b,TRUE,TRUE,
66,06a,06a,TRUE,TRUE,
20,17b,17b,TRUE,TRUE,
67,03c,03c,TRUE,TRUE,
61,21dDA,21dDA,TRUE,TRUE,
68,21dDA,21dDA,TRUE,TRUE,
23,12*,12*,TRUE,TRUE,
24,06b,06b,TRUE,TRUE,
25,06b,06b,TRUE,TRUE,
26,06b,06b,TRUE,TRUE,
134,03b,03b,TRUE,TRUE,
133,03DA,03DA,TRUE,TRUE,
132,03b,03b,TRUE,TRUE,
139,03b,03b,TRUE,TRUE,
60,06a,06a,TRUE,TRUE,
59,17c,17c,TRUE,TRUE,
58,05cDA,05cDA,TRUE,TRUE,
1,17b,17b,TRUE,TRUE,
49,05cDA+,05cDA+,TRUE,TRUE,
50,05cDA,05cDA,TRUE,TRUE,
51,05cDA,05cDA,TRUE,TRUE,
164,06b,06b,TRUE,TRUE,
52,05cDA,05cDA,TRUE,TRUE,
162,12g,12g,TRUE,TRUE,
161,12a,12a,TRUE,TRUE,
160,03b,03b,TRUE,TRUE,
53,05cDA,05cDA,TRUE,TRUE,
54,05cDA,05cDA,TRUE,TRUE,
157,03b,03b,TRUE,TRUE,
55,05cDA,05cDA,TRUE,TRUE,
56,05cDA,05cDA,TRUE,TRUE,
154,03b,03b,TRUE,TRUE,
153,03b,03b,TRUE,TRUE,
57,05cDA+,05cDA+,TRUE,TRUE,
22,06b,06b,TRUE,TRUE,
43,17b,17b,TRUE,TRUE,
42,06b,06b,TRUE,TRUE,
41,06b,06b,TRUE,TRUE,
8,06b,06b,TRUE,TRUE,
48,03b,03b,TRUE,TRUE,
9,06b,06b,TRUE,TRUE,
10,06b,06b,TRUE,TRUE,
11,06b,06b,TRUE,TRUE,
44,06b,06b,TRUE,TRUE,
43,33a,33a,TRUE,TRUE,
50,06b,06b,TRUE,TRUE,
42,06b,06b,TRUE,TRUE,
40,06b,06b,TRUE,TRUE,
39,06b,06b,TRUE,TRUE,
38,17b,17b,TRUE,TRUE,
37,17b,17b,TRUE,TRUE,
12,06b,06b,TRUE,TRUE,
13,08n,08n,TRUE,TRUE,
14,03b,03b,TRUE,TRUE,
41,06b,06b,TRUE,TRUE,
51,06b,06b,TRUE,TRUE,
52,06b,06b,TRUE,TRUE,
53,03b,03b,TRUE,TRUE,
71,03DA,03DA,TRUE,TRUE,
1,17b,17b,TRUE,TRUE,
2,06b,06b,TRUE,TRUE,
3,06b,06b,TRUE,TRUE,
67,17b,17b,TRUE,TRUE,
4,06b,06b,TRUE,TRUE,
5,17c,17c,TRUE,TRUE,
6,03b,03b,TRUE,TRUE,
63,06b,06b,TRUE,TRUE,
61,21aDA,21aDA,TRUE,TRUE,
60,21bDA,21bDA,TRUE,TRUE,
59,03b,03b,TRUE,TRUE,
58,33a*,33a*,TRUE,TRUE,
57,06b,06b,TRUE,TRUE,
56,06b,06b,TRUE,TRUE,
55,06b,06b,TRUE,TRUE,
54,21*DA,21*DA,TRUE,TRUE,
33,08h,08h,TRUE,TRUE,
15,03b,03b,TRUE,TRUE,
16,05a,05a,TRUE,TRUE,
17,05a,05a,TRUE,TRUE,
8,04b,04b,TRUE,TRUE,
7,12*,12*,TRUE,TRUE,
6,12*,12*,TRUE,TRUE,
5,12*,12*,TRUE,TRUE,
4,12*,12*,TRUE,TRUE,
30,04b,04b,TRUE,TRUE,
31,22b,22b,TRUE,TRUE,
36,08h,08h,TRUE,TRUE,
0,06b,06b,TRUE,TRUE,
33,06b,06b,TRUE,TRUE,
37,06b,06b,TRUE,TRUE,
35,17g,17g,TRUE,TRUE,
36,08k,08k,TRUE,TRUE,
37,08b,08b,TRUE,TRUE,
38,06b,06b,TRUE,TRUE,
39,06b,06b,TRUE,TRUE,
40,06b,06b,TRUE,TRUE,
9,03b,03b,TRUE,TRUE,
27,06b,06b,TRUE,TRUE,
10,06b,06b,TRUE,TRUE,
12,06b,06b,TRUE,TRUE,
18,17c,17c,TRUE,TRUE,
19,17c,17c,TRUE,TRUE,
20,06b,06b,TRUE,TRUE,
21,03b,03b,TRUE,TRUE,
22,03b,03b,TRUE,TRUE,
23,06b,06b,TRUE,TRUE,
24,06b,06b,TRUE,TRUE,
25,03b,03b,TRUE,TRUE,
26,21bDA,21bDA,TRUE,TRUE,
27,17b,17b,TRUE,TRUE,
28,33h,33h,TRUE,TRUE,
29,06b,06b,TRUE,TRUE,
17,12*,12*,TRUE,TRUE,
16,12*,12*,TRUE,TRUE,
15,03b,03b,TRUE,TRUE,
14,06b,06b,TRUE,TRUE,
13,06b,06b,TRUE,TRUE,
11,04b,04b,TRUE,TRUE,
141,03gFP,03gFP,TRUE,TRUE,
28,06b,06b,TRUE,TRUE,
69,20a,20a,TRUE,TRUE,
99,06b,06b,TRUE,TRUE,
100,06b,06b,TRUE,TRUE,
101,06b,06b,TRUE,TRUE,
102,06b,06b,TRUE,TRUE,
103,06b,06b,TRUE,TRUE,
194,01FP,01FP,TRUE,TRUE,
193,01FP,01FP,TRUE,TRUE,
98,12*,12*,TRUE,TRUE,
192,01FP,01FP,TRUE,TRUE,
190,01FP,01FP,TRUE,TRUE,
189,01FP,01FP,TRUE,TRUE,
188,01FP,01FP,TRUE,TRUE,
187,01FP,01FP,TRUE,TRUE,
186,01FP,01FP,TRUE,TRUE,
185,01FP,01FP,TRUE,TRUE,
184,01FP,01FP,TRUE,TRUE,
191,01FP,01FP,TRUE,TRUE,
97,12*,12*,TRUE,TRUE,
73,06b,06b,TRUE,TRUE,
74,17b,17b,TRUE,TRUE,
27,06b,06b,TRUE,TRUE,
26,12e*,12e*,TRUE,TRUE,
25,12*,12*,TRUE,TRUE,
24,12e*,12e*,TRUE,TRUE,
23,12*,12*,TRUE,TRUE,
103,06b,06b,TRUE,TRUE,
21,12*,12*,TRUE,TRUE,
20,12*,12*,TRUE,TRUE,
19,12*,12*,TRUE,TRUE,
18,12*,12*,TRUE,TRUE,
17,12*,12*,TRUE,TRUE,
16,12*,12*,TRUE,TRUE,
104,06b,06b,TRUE,TRUE,
2,12*,12*,TRUE,TRUE,
1,12*,12*,TRUE,TRUE,
0,06b,06b,TRUE,TRUE,
76,12e*,12e*,TRUE,TRUE,
183,01FP,01FP,TRUE,TRUE,
28,29aDA,29aDA,TRUE,TRUE,
182,01FP,01FP,TRUE,TRUE,
180,01FP,01FP,TRUE,TRUE,
158,02FP,02FP,TRUE,TRUE,
157,01FP,01FP,TRUE,TRUE,
156,01FP,01FP,TRUE,TRUE,
155,01FP,01FP,TRUE,TRUE,
2,06b,06b,TRUE,TRUE,
153,06b,06b,TRUE,TRUE,
152,24c,24c,TRUE,TRUE,
159,03bFP,03bFP,TRUE,TRUE,
151,17bFP,17bFP,TRUE,TRUE,
149,02FP,02FP,TRUE,TRUE,
148,03bFP,03bFP,TRUE,TRUE,
147,17bFP,17bFP,TRUE,TRUE,
146,06b,06b,TRUE,TRUE,
145,03FP,03FP,TRUE,TRUE,
144,03FP,03FP,TRUE,TRUE,
143,03gFP,03gFP,TRUE,TRUE,
150,01FP,01FP,TRUE,TRUE,
160,01FP,01FP,TRUE,TRUE,
161,01FP,01FP,TRUE,TRUE,
162,01FP,01FP,TRUE,TRUE,
179,01FP,01FP,TRUE,TRUE,
178,01FP,01FP,TRUE,TRUE,
177,01FP,01FP,TRUE,TRUE,
176,01FP,01FP,TRUE,TRUE,
175,01FP,01FP,TRUE,TRUE,
174,01FP,01FP,TRUE,TRUE,
173,01FP,01FP,TRUE,TRUE,
172,01FP,01FP,TRUE,TRUE,
171,01FP,01FP,TRUE,TRUE,
170,01FP,01FP,TRUE,TRUE,
169,01FP,01FP,TRUE,TRUE,
168,01FP,01FP,TRUE,TRUE,
167,01FP,01FP,TRUE,TRUE,
166,01FP,01FP,TRUE,TRUE,
165,01FP,01FP,TRUE,TRUE,
164,01FP,01FP,TRUE,TRUE,
163,01FP,01FP,TRUE,TRUE,
181,01FP,01FP,TRUE,TRUE,
29,06b,06b,TRUE,TRUE,
30,04b,04b,TRUE,TRUE,
31,06b,06b,TRUE,TRUE,
69,06b,06b,TRUE,TRUE,
70,03b,03b,TRUE,TRUE,
95,12*,12*,TRUE,TRUE,
96,06b,06b,TRUE,TRUE,
73,06b,06b,TRUE,TRUE,
74,12e*,12e*,TRUE,TRUE,
75,04b,04b,TRUE,TRUE,
68,06b,06b,TRUE,TRUE,
76,06b,06b,TRUE,TRUE,
78,12*,12*,TRUE,TRUE,
79,11v,11v,TRUE,TRUE,
78,11v,11v,TRUE,TRUE,
79,12*,12*,TRUE,TRUE,
97,06b,06b,TRUE,TRUE,
75,12e*,12e*,TRUE,TRUE,
74,12*,12*,TRUE,TRUE,
77,06b,06b,TRUE,TRUE,
67,06b,06b,TRUE,TRUE,
66,06b,06b,TRUE,TRUE,
65,06b,06b,TRUE,TRUE,
70,20a,20a,TRUE,TRUE,
32,06b,06b,TRUE,TRUE,
33,12e*,12e*,TRUE,TRUE,
34,04b,04b,TRUE,TRUE,
35,06b,06b,TRUE,TRUE,
36,06b,06b,TRUE,TRUE,
37,12*,12*,TRUE,TRUE,
38,12*,12*,TRUE,TRUE,
40,17b,17b,TRUE,TRUE,
20,04b,04b,TRUE,TRUE,
14,06b,06b,TRUE,TRUE,
13,06b,06b,TRUE,TRUE,
10,17b,17b,TRUE,TRUE,
9,06b,06b,TRUE,TRUE,
5,06b,06b,TRUE,TRUE,
94,12*,12*,TRUE,TRUE,
64,12*,12*,TRUE,TRUE,
73,29DA,29DA,TRUE,TRUE,
72,29DA,29DA,TRUE,TRUE,
71,06b,06b,TRUE,TRUE,
81,17b,17b,TRUE,TRUE,
102,06b,06b,TRUE,TRUE,
47,03b,03b,TRUE,TRUE,
46,06b,06b,TRUE,TRUE,
45,06b,06b,TRUE,TRUE,
44,06b,06b,TRUE,TRUE,
43,06b,06b,TRUE,TRUE,
42,06b,06b,TRUE,TRUE,
41,06b,06b,TRUE,TRUE,
40,06b,06b,TRUE,TRUE,
39,06b,06b,TRUE,TRUE,
38,06b,06b,TRUE,TRUE,
37,17b,17b,TRUE,TRUE,
36,33a,33a,TRUE,TRUE,
35,29aDA,29aDA,TRUE,TRUE,
34,08h,08h,TRUE,TRUE,
33,06b,06b,TRUE,TRUE,
32,06b,06b,TRUE,TRUE,
101,06b,06b,TRUE,TRUE,
29,03b,03b,TRUE,TRUE,
50,06b,06b,TRUE,TRUE,
52,06b,06b,TRUE,TRUE,
69,17b,17b,TRUE,TRUE,
68,33g,33g,TRUE,TRUE,
67,12*,12*,TRUE,TRUE,
66,12*,12*,TRUE,TRUE,
65,06b,06b,TRUE,TRUE,
64,06b,06b,TRUE,TRUE,
63,04b,04b,TRUE,TRUE,
62,06b,06b,TRUE,TRUE,
98,06b,06b,TRUE,TRUE,
60,17b,17b,TRUE,TRUE,
59,06b,06b,TRUE,TRUE,
58,06b,06b,TRUE,TRUE,
57,04b,04b,TRUE,TRUE,
99,04b,04b,TRUE,TRUE,
55,06b,06b,TRUE,TRUE,
54,12e*,12e*,TRUE,TRUE,
53,03b,03b,TRUE,TRUE,
100,06b,06b,TRUE,TRUE,
3,17b,17b,TRUE,TRUE,
7,04b,04b,TRUE,TRUE,
5,08q,08q,TRUE,TRUE,
401,09a,09a,TRUE,TRUE,
20,as H11/138A,as H11/138A,TRUE,TRUE,
120,11j,11j,TRUE,TRUE,
398,09a,09a,TRUE,TRUE,
47,03b,03b,TRUE,TRUE,
396,09a,09a,TRUE,TRUE,
46,06b,06b,TRUE,TRUE,
0,E1c,E1c,TRUE,TRUE,
123,12e,12e,TRUE,TRUE,
124,09a,09a,TRUE,TRUE,
45,06b,06b,TRUE,TRUE,
390,08l,08l,TRUE,TRUE,
389,12e,12e,TRUE,TRUE,
126,09a,09a,TRUE,TRUE,
127,09a,09a,TRUE,TRUE,
386,17b,17b,TRUE,TRUE,
44,06b,06b,TRUE,TRUE,
402,09a,09a,TRUE,TRUE,
384,09a,09a,TRUE,TRUE,
48,06b,06b,TRUE,TRUE,
405,08fDA,08fDA,TRUE,TRUE,
108,11gDA,11gDA,TRUE,TRUE,
7,E1b,E1b,TRUE,TRUE,
56,06b,06b,TRUE,TRUE,
419,07b,07b,TRUE,TRUE,
110,21gDA,21gDA,TRUE,TRUE,
55,06b,06b,TRUE,TRUE,
416,07b,07b,TRUE,TRUE,
54,03b,03b,TRUE,TRUE,
53,04b,04b,TRUE,TRUE,
52,06b,06b,TRUE,TRUE,
115,09a,09a,TRUE,TRUE,
51,08fDA,08fDA,TRUE,TRUE,
410,22FP,22FP,TRUE,TRUE,
409,09a,09a,TRUE,TRUE,
50,06b,06b,TRUE,TRUE,
49,06b,06b,TRUE,TRUE,
406,09a,09a,TRUE,TRUE,
18,E1e,E1e,TRUE,TRUE,
383,03dDA,03dDA,TRUE,TRUE,
7,E1f,E1f,TRUE,TRUE,
8,E1a,E1a,TRUE,TRUE,
356,08l,08l,TRUE,TRUE,
22,E1a,E1a,TRUE,TRUE,
354,08l,08l,TRUE,TRUE,
138,09a,09a,TRUE,TRUE,
24,E1e,E1e,TRUE,TRUE,
351,09a,09a,TRUE,TRUE,
350,09a,09a,TRUE,TRUE,
349,09a,09a,TRUE,TRUE,
348,09a,09a,TRUE,TRUE,
347,17a,17a,TRUE,TRUE,
38,33e,33e,TRUE,TRUE,
26,E1e,E1e,TRUE,TRUE,
37,33e,33e,TRUE,TRUE,
343,11DA,11DA,TRUE,TRUE,
28,E1d,E1d,TRUE,TRUE,
341,11DA,11DA,TRUE,TRUE,
340,17a,17a,TRUE,TRUE,
357,08l,08l,TRUE,TRUE,
21,E6a,E6a,TRUE,TRUE,
20,E6a,E6a,TRUE,TRUE,
360,09a,09a,TRUE,TRUE,
43,06b,06b,TRUE,TRUE,
379,33a,33a,TRUE,TRUE,
378,06b,06b,TRUE,TRUE,
377,03DA,03DA,TRUE,TRUE,
130,09a,09a,TRUE,TRUE,
132,09a,09a,TRUE,TRUE,
133,09a,09a,TRUE,TRUE,
372,11k,11k,TRUE,TRUE,
57,03b,03b,TRUE,TRUE,
371,09a,09a,TRUE,TRUE,
14,E1c,E1c,TRUE,TRUE,
40,03DA,03DA,TRUE,TRUE,
39,O6b,O6b,TRUE,TRUE,
365,09a,09a,TRUE,TRUE,
364,09a,09a,TRUE,TRUE,
18,E6b,E6b,TRUE,TRUE,
362,09a,09a,TRUE,TRUE,
137,09a,09a,TRUE,TRUE,
370,17a,17a,TRUE,TRUE,
36,33e,33e,TRUE,TRUE,
58,06b,06b,TRUE,TRUE,
104,09a,09a,TRUE,TRUE,
488,08l,08l,TRUE,TRUE,
486,09a,09a,TRUE,TRUE,
79,43a,43a,TRUE,TRUE,
78,12d,12d,TRUE,TRUE,
483,09a,09a,TRUE,TRUE,
77,21dDA,21dDA,TRUE,TRUE,
76,33e,33e,TRUE,TRUE,
480,09a,09a,TRUE,TRUE,
75,11r,11r,TRUE,TRUE,
74,22e,22e,TRUE,TRUE,
477,09a,09a,TRUE,TRUE,
72,09a,09a,TRUE,TRUE,
475,08l,08l,TRUE,TRUE,
474,08c,08c,TRUE,TRUE,
473,06b,06b,TRUE,TRUE,
73,03b,03b,TRUE,TRUE,
74,09a,09a,TRUE,TRUE,
81,21gDA,21gDA,TRUE,TRUE,
75,09a,09a,TRUE,TRUE,
63,11q,11q,TRUE,TRUE,
62,09c,09c,TRUE,TRUE,
509,09a,09a,TRUE,TRUE,
508,09a,09a,TRUE,TRUE,
507,09a,09a,TRUE,TRUE,
89,03b,03b,TRUE,TRUE,
88,03b,03b,TRUE,TRUE,
87,06b,06b,TRUE,TRUE,
86,06b,06b,TRUE,TRUE,
502,12b,12b,TRUE,TRUE,
501,09b,09b,TRUE,TRUE,
55,11gDA,11gDA,TRUE,TRUE,
85,06b,06b,TRUE,TRUE,
57,12c,12c,TRUE,TRUE,
84,08e,08e,TRUE,TRUE,
83,29aDA,29aDA,TRUE,TRUE,
82,29DA,29DA,TRUE,TRUE,
494,09a,09a,TRUE,TRUE,
61,08*DA,08*DA,TRUE,TRUE,
491,07a,07a,TRUE,TRUE,
76,09a,09a,TRUE,TRUE,
77,09a,09a,TRUE,TRUE,
72,17b,17b,TRUE,TRUE,
444,09b,09b,TRUE,TRUE,
90,12f,12f,TRUE,TRUE,
92,09a,09a,TRUE,TRUE,
440,09a,09a,TRUE,TRUE,
64,03b,03b,TRUE,TRUE,
94,09a,09a,TRUE,TRUE,
95,09a,09a,TRUE,TRUE,
96,09a,09a,TRUE,TRUE,
63,06b,06b,TRUE,TRUE,
434,17k,17k,TRUE,TRUE,
62,06b,06b,TRUE,TRUE,
61,06b,06b,TRUE,TRUE,
431,08h,08h,TRUE,TRUE,
100,09a,09a,TRUE,TRUE,
60,03b,03b,TRUE,TRUE,
59,06b,06b,TRUE,TRUE,
103,12e*,12e*,TRUE,TRUE,
445,09b,09b,TRUE,TRUE,
66,03DA,03DA,TRUE,TRUE,
67,06b,06b,TRUE,TRUE,
87,09a,09a,TRUE,TRUE,
466,11j,11j,TRUE,TRUE,
79,09a,09a,TRUE,TRUE,
464,08k,08k,TRUE,TRUE,
463,11t,11t,TRUE,TRUE,
71,04b,04b,TRUE,TRUE,
461,17a,17a,TRUE,TRUE,
70,06b,06b,TRUE,TRUE,
459,17a,17a,TRUE,TRUE,
105,12d,12d,TRUE,TRUE,
458,17aFP,17aFP,TRUE,TRUE,
69,06b,06b,TRUE,TRUE,
455,21a,21a,TRUE,TRUE,
454,33g,33g,TRUE,TRUE,
453,06b,06b,TRUE,TRUE,
68,06b,06b,TRUE,TRUE,
85,11p,11p,TRUE,TRUE,
86,11l,11l,TRUE,TRUE,
449,08c,08c,TRUE,TRUE,
82,11m,11m,TRUE,TRUE,
30,E1c,E1c,TRUE,TRUE,
35,06b,06b,TRUE,TRUE,
336,08l,08l,TRUE,TRUE,
227,11b*,11b*,TRUE,TRUE,
226,08g,08g,TRUE,TRUE,
225,17b,17b,TRUE,TRUE,
224,06b,06b,TRUE,TRUE,
35,17b,17b,TRUE,TRUE,
36,06b,06b,TRUE,TRUE,
37,22d,22d,TRUE,TRUE,
220,09a,09a,TRUE,TRUE,
38,06b,06b,TRUE,TRUE,
39,06b,06b,TRUE,TRUE,
29,06b,06b,TRUE,TRUE,
41,19a,19a,TRUE,TRUE,
42,03DA,03DA,TRUE,TRUE,
214,12e,12e,TRUE,TRUE,
213,21a,21a,TRUE,TRUE,
212,12e,12e,TRUE,TRUE,
28,17b,17b,TRUE,TRUE,
228,17a,17a,TRUE,TRUE,
27,06b,06b,TRUE,TRUE,
34,03b,03b,TRUE,TRUE,
32,17c,17c,TRUE,TRUE,
21,06b,06b,TRUE,TRUE,
22,06b,06b,TRUE,TRUE,
246,09a,09a,TRUE,TRUE,
23,06b,06b,TRUE,TRUE,
24,06b,06b,TRUE,TRUE,
243,08h,08h,TRUE,TRUE,
25,06b,06b,TRUE,TRUE,
241,12e,12e,TRUE,TRUE,
30,06b,06b,TRUE,TRUE,
239,17b,17b,TRUE,TRUE,
238,08h,08h,TRUE,TRUE,
237,17a,17a,TRUE,TRUE,
27,03b,03b,TRUE,TRUE,
28,17b,17b,TRUE,TRUE,
29,06b,06b,TRUE,TRUE,
30,04b,04b,TRUE,TRUE,
31,06b,06b,TRUE,TRUE,
33,03b,03b,TRUE,TRUE,
209,11k,11k,TRUE,TRUE,
45,30a,30a,TRUE,TRUE,
207,09a,09a,TRUE,TRUE,
184,09a,09a,TRUE,TRUE,
183,09a,09a,TRUE,TRUE,
12,06b,06b,TRUE,TRUE,
13,03b,03b,TRUE,TRUE,
14,03b,03b,TRUE,TRUE,
15,11k,11k,TRUE,TRUE,
178,09a,09a,TRUE,TRUE,
177,09a,09a,TRUE,TRUE,
16,03b,03b,TRUE,TRUE,
17,21bDA,21bDA,TRUE,TRUE,
18,17c,17c,TRUE,TRUE,
19,03b,03b,TRUE,TRUE,
165,12e,12e,TRUE,TRUE,
21,03b,03b,TRUE,TRUE,
170,09a,09a,TRUE,TRUE,
22,03b,03b,TRUE,TRUE,
23,03b,03b,TRUE,TRUE,
185,09a,09a,TRUE,TRUE,
11,03b,03b,TRUE,TRUE,
187,09a,09a,TRUE,TRUE,
10,03b,03b,TRUE,TRUE,
206,09a,09a,TRUE,TRUE,
46,06b,06b,TRUE,TRUE,
47,06b,06b,TRUE,TRUE,
203,11t,11t,TRUE,TRUE,
202,09a,09a,TRUE,TRUE,
0,11j,11j,TRUE,TRUE,
1,06b,06b,TRUE,TRUE,
199,11p,11p,TRUE,TRUE,
20,06b,06b,TRUE,TRUE,
2,06b,06b,TRUE,TRUE,
4,06b,06b,TRUE,TRUE,
195,17a,17a,TRUE,TRUE,
194,09a,09a,TRUE,TRUE,
5,06b,06b,TRUE,TRUE,
6,03b,03b,TRUE,TRUE,
7,03b,03b,TRUE,TRUE,
8,03b,03b,TRUE,TRUE,
9,03b,03b,TRUE,TRUE,
26,17b,17b,TRUE,TRUE,
19,17b,17b,TRUE,TRUE,
18,17b,17b,TRUE,TRUE,
17,17b,17b,TRUE,TRUE,
34,04a,04a,TRUE,TRUE,
40,E1a,E1a,TRUE,TRUE,
41,E1c,E1c,TRUE,TRUE,
310,21a,21a,TRUE,TRUE,
309,17a,17a,TRUE,TRUE,
42,E1c,E1c,TRUE,TRUE,
307,09a,09a,TRUE,TRUE,
148,09a,09a,TRUE,TRUE,
304,09a,09a,TRUE,TRUE,
303,11dDA,11dDA,TRUE,TRUE,
302,11dDA,11dDA,TRUE,TRUE,
301,11eDA,11eDA,TRUE,TRUE,
32,06b,06b,TRUE,TRUE,
299,11DA,11DA,TRUE,TRUE,
298,11d,11d,TRUE,TRUE,
297,11dDA,11dDA,TRUE,TRUE,
296,11eDA,11eDA,TRUE,TRUE,
314,11dFP,11dFP,TRUE,TRUE,
38,E1a,E1a,TRUE,TRUE,
146,09a,09a,TRUE,TRUE,
145,09a,09a,TRUE,TRUE,
335,08l,08l,TRUE,TRUE,
334,08l,08l,TRUE,TRUE,
32,E1a,E1a,TRUE,TRUE,
332,08l,08l,TRUE,TRUE,
331,09a,09a,TRUE,TRUE,
330,08l,08l,TRUE,TRUE,
329,09a,09a,TRUE,TRUE,
328,09a,09a,TRUE,TRUE,
295,11u*FP,11u*FP,TRUE,TRUE,
33,E1f,E1f,TRUE,TRUE,
325,09a,09a,TRUE,TRUE,
324,08l,08l,TRUE,TRUE,
323,09a,09a,TRUE,TRUE,
143,09a,09a,TRUE,TRUE,
321,09a,09a,TRUE,TRUE,
144,09a,09a,TRUE,TRUE,
319,09a,09a,TRUE,TRUE,
318,08f,08f,TRUE,TRUE,
326,09a,09a,TRUE,TRUE,
510,09a,09a,TRUE,TRUE,
46,E1a,E1a,TRUE,TRUE,
151,09a,09a,TRUE,TRUE,
8,19a,19a,TRUE,TRUE,
156,11gDA,11gDA,TRUE,TRUE,
267,09a,09a,TRUE,TRUE,
157,12c,12c,TRUE,TRUE,
265,11bFP,11bFP,TRUE,TRUE,
158,11d,11d,TRUE,TRUE,
31,22d,22d,TRUE,TRUE,
13,06b,06b,TRUE,TRUE,
261,09a,09a,TRUE,TRUE,
14,21aDA,21aDA,TRUE,TRUE,
259,09a,09a,TRUE,TRUE,
15,11q,11q,TRUE,TRUE,
16,03b,03b,TRUE,TRUE,
256,09a,09a,TRUE,TRUE,
255,09a,09a,TRUE,TRUE,
254,09a,09a,TRUE,TRUE,
253,09a,09a,TRUE,TRUE,
270,09a,09a,TRUE,TRUE,
271,09a,09a,TRUE,TRUE,
272,09a,09a,TRUE,TRUE,
273,09a,09a,TRUE,TRUE,
72,03b,03b,TRUE,TRUE,
152,09a,09a,TRUE,TRUE,
153,17a,17a,TRUE,TRUE,
1,19a,19a,TRUE,TRUE,
287,09a,09a,TRUE,TRUE,
2,19a,19a,TRUE,TRUE,
3,26b,26b,TRUE,TRUE,
284,09a,09a,TRUE,TRUE,
293,11DA,11DA,TRUE,TRUE,
283,09a,09a,TRUE,TRUE,
4,26b,26b,TRUE,TRUE,
154,12f,12f,TRUE,TRUE,
279,09a,09a,TRUE,TRUE,
155,11gDA,11gDA,TRUE,TRUE,
277,09a,09a,TRUE,TRUE,
7,19a,19a,TRUE,TRUE,
275,09a,09a,TRUE,TRUE,
274,09a,09a,TRUE,TRUE,
282,09a,09a,TRUE,TRUE,
4,17b,17b,TRUE,TRUE,
511,09a,09a,TRUE,TRUE,
513,09a,09a,TRUE,TRUE,
11,11r,11r,TRUE,TRUE,
10,06b,06b,TRUE,TRUE,
9,03b,03b,TRUE,TRUE,
8,06d,06d,TRUE,TRUE,
7,06d,06d,TRUE,TRUE,
6,06b,06b,TRUE,TRUE,
5,33d,33d,TRUE,TRUE,
4,29DA,29DA,TRUE,TRUE,
5,06b,06b,TRUE,TRUE,
7,03b,03b,TRUE,TRUE,
1,17k,17k,TRUE,TRUE,
0,17k,17k,TRUE,TRUE,
135,09c,09c,TRUE,TRUE,
134,09c,09c,TRUE,TRUE,
133,09c,09c,TRUE,TRUE,
132,09c,09c,TRUE,TRUE,
131,09c,09c,TRUE,TRUE,
12,06b,06b,TRUE,TRUE,
130,09c,09c,TRUE,TRUE,
13,06b,06b,TRUE,TRUE,
15,06b,06b,TRUE,TRUE,
33,03b,03b,TRUE,TRUE,
32,03b,03b,TRUE,TRUE,
31,03b,03b,TRUE,TRUE,
30,04b*,04b*,TRUE,TRUE,
29,06b,06b,TRUE,TRUE,
28,17b,17b,TRUE,TRUE,
7,19c+,19c+,TRUE,TRUE,
6,05cDA,05cDA,TRUE,TRUE,
4,05a,05a,TRUE,TRUE,
23,06b,06b,TRUE,TRUE,
22,03DA,03DA,TRUE,TRUE,
21,17c,17c,TRUE,TRUE,
20,03b,03b,TRUE,TRUE,
19,06b,06b,TRUE,TRUE,
18,17b,17b,TRUE,TRUE,
17,06b,06b,TRUE,TRUE,
16,06b,06b,TRUE,TRUE,
14,06b,06b,TRUE,TRUE,
129,09b,09b,TRUE,TRUE,
128,13a,13a,TRUE,TRUE,
127,19c,19c,TRUE,TRUE,
104,19c,19c,TRUE,TRUE,
103,05cDA,05cDA,TRUE,TRUE,
102,22c,22c,TRUE,TRUE,
101,06c,06c,TRUE,TRUE,
100,17g,17g,TRUE,TRUE,
99,06c,06c,TRUE,TRUE,
98,21dDA,21dDA,TRUE,TRUE,
97,42a,42a,TRUE,TRUE,
96,42a,42a,TRUE,TRUE,
3,21dDA,21dDA,TRUE,TRUE,
94,42a,42a,TRUE,TRUE,
93,06c,06c,TRUE,TRUE,
92,05c,05c,TRUE,TRUE,
91,21dDA,21dDA,TRUE,TRUE,
9,09a,09a,TRUE,TRUE,
89,06c,06c,TRUE,TRUE,
88,05bDA,05bDA,TRUE,TRUE,
105,06c,06c,TRUE,TRUE,
106,13c,13c,TRUE,TRUE,
107,13c+,13c+,TRUE,TRUE,
108,13a,13a,TRUE,TRUE,
126,13b,13b,TRUE,TRUE,
125,21dDA,21dDA,TRUE,TRUE,
124,16b,16b,TRUE,TRUE,
123,22c,22c,TRUE,TRUE,
122,22c,22c,TRUE,TRUE,
4,21dDA,21dDA,TRUE,TRUE,
120,19c,19c,TRUE,TRUE,
119,17c,17c,TRUE,TRUE,
34,03b,03b,TRUE,TRUE,
118,06c,06c,TRUE,TRUE,
116,06c,06c,TRUE,TRUE,
115,42a,42a,TRUE,TRUE,
114,16b,16b,TRUE,TRUE,
113,16b,16b,TRUE,TRUE,
112,16b,16b,TRUE,TRUE,
111,19c+,19c+,TRUE,TRUE,
110,05bDA,05bDA,TRUE,TRUE,
109,19c,19c,TRUE,TRUE,
117,06a,06a,TRUE,TRUE,
87,05bDA,05bDA,TRUE,TRUE,
35,17b,17b,TRUE,TRUE,
37,03b,03b,TRUE,TRUE,
17,33a*,33a*,TRUE,TRUE,
29,06b,06b,TRUE,TRUE,
30,03b,03b,TRUE,TRUE,
31,03b,03b,TRUE,TRUE,
32,03DA,03DA,TRUE,TRUE,
33,03b,03b,TRUE,TRUE,
34,03b,03b,TRUE,TRUE,
35,06b,06b,TRUE,TRUE,
36,17c,17c,TRUE,TRUE,
37,08f,08f,TRUE,TRUE,
38,06b,06b,TRUE,TRUE,
39,21cDA,21cDA,TRUE,TRUE,
40,01*,01*,TRUE,TRUE,
41,12*,12*,TRUE,TRUE,
9,19c,19c,TRUE,TRUE,
29,E1c,E1c,TRUE,TRUE,
28,E1c,E1c,TRUE,TRUE,
27,06b,06b,TRUE,TRUE,
27,E1c,E1c,TRUE,TRUE,
26,06b,06b,TRUE,TRUE,
24,03b,03b,TRUE,TRUE,
6,08q,08q,TRUE,TRUE,
25,17c,17c,TRUE,TRUE,
8,08q,08q,TRUE,TRUE,
9,17b,17b,TRUE,TRUE,
10,17b,17b,TRUE,TRUE,
11,17b,17b,TRUE,TRUE,
12,17b,17b,TRUE,TRUE,
14,03b,03b,TRUE,TRUE,
15,03b,03b,TRUE,TRUE,
12,19c+,19c+,TRUE,TRUE,
17,17b,17b,TRUE,TRUE,
18,17a,17a,TRUE,TRUE,
11,05cDA,05cDA,TRUE,TRUE,
10,19c,19c,TRUE,TRUE,
21,17b,17b,TRUE,TRUE,
22,17b,17b,TRUE,TRUE,
23,03b,03b,TRUE,TRUE,
25,06b,06b,TRUE,TRUE,
26,E1c,E1c,TRUE,TRUE,
25,E5c,E5c,TRUE,TRUE,
24,E5c,E5c,TRUE,TRUE,
1,E5b,E5b,TRUE,TRUE,
0,E5d,E5d,TRUE,TRUE,
52,06b,06b,TRUE,TRUE,
51,17b,17b,TRUE,TRUE,
50,22d,22d,TRUE,TRUE,
49,22d,22d,TRUE,TRUE,
48,03b,03b,TRUE,TRUE,
47,06d,06d,TRUE,TRUE,
46,22d,22d,TRUE,TRUE,
44,17a,17a,TRUE,TRUE,
44,03DA,03DA,TRUE,TRUE,
43,01*,01*,TRUE,TRUE,
42,17b,17b,TRUE,TRUE,
41,06b,06b,TRUE,TRUE,
19,09a,09a,TRUE,TRUE,
39,06b,06b,TRUE,TRUE,
38,03f,03f,TRUE,TRUE,
2,E5d,E5d,TRUE,TRUE,
3,E5d,E5d,TRUE,TRUE,
4,E5d,E5d,TRUE,TRUE,
5,E3c,E3c,TRUE,TRUE,
23,E3b,E3b,TRUE,TRUE,
22,E3b,E3b,TRUE,TRUE,
43,17a,17a,TRUE,TRUE,
20,as H11/134A,as H11/134A,TRUE,TRUE,
19,as H11/134A,as H11/134A,TRUE,TRUE,
18,E1c,E1c,TRUE,TRUE,
17,E1c,E1c,TRUE,TRUE,
16,E1c,E1c,TRUE,TRUE,
36,06b,06b,TRUE,TRUE,
15,E1c,E1c,TRUE,TRUE,
13,E5c,E5c,TRUE,TRUE,
12,E2,E2,TRUE,TRUE,
11,as L20/616,as L20/616,TRUE,TRUE,
10,E2,E2,TRUE,TRUE,
9,E3c,E3c,TRUE,TRUE,
8,E3c,E3c,TRUE,TRUE,
7,E3c,E3c,TRUE,TRUE,
6,as L20/616,as L20/616,TRUE,TRUE,
14,E1c,E1c,TRUE,TRUE,
86,03e,03e,TRUE,TRUE,
85,16a,16a,TRUE,TRUE,
84,06c,06c,TRUE,TRUE,
97,29DA,29DA,TRUE,TRUE,
1,05d,05d,TRUE,TRUE,
0,05a,05a,TRUE,TRUE,
31,03b,03b,TRUE,TRUE,
15,03b,03b,TRUE,TRUE,
32,03b,03b,TRUE,TRUE,
96,03b,03b,TRUE,TRUE,
34,03b,03b,TRUE,TRUE,
11,06b,06b,TRUE,TRUE,
10,06b,06b,TRUE,TRUE,
95,03b,03b,TRUE,TRUE,
36,17c,17c,TRUE,TRUE,
7,06b,06b,TRUE,TRUE,
6,06b,06b,TRUE,TRUE,
37,05DA,05DA,TRUE,TRUE,
94,17f,17f,TRUE,TRUE,
3,06b,06b,TRUE,TRUE,
3,03b,03b,TRUE,TRUE,
40,12b,12b,TRUE,TRUE,
4,05d,05d,TRUE,TRUE,
6,03b,03b,TRUE,TRUE,
16,06b,06b,TRUE,TRUE,
1,17b,17b,TRUE,TRUE,
0,06c,06c,TRUE,TRUE,
19,05aDA*,05aDA*,TRUE,TRUE,
102,06b,06b,TRUE,TRUE,
21,05aDA,05aDA,TRUE,TRUE,
101,21bDA,21bDA,TRUE,TRUE,
100,21bDA,21bDA,TRUE,TRUE,
32,09a,09a,TRUE,TRUE,
99,21bDA,21bDA,TRUE,TRUE,
13,03b,03b,TRUE,TRUE,
34,09a,09a,TRUE,TRUE,
27,03b,03b,TRUE,TRUE,
10,03b,03b,TRUE,TRUE,
98,21bDA,21bDA,TRUE,TRUE,
8,03b,03b,TRUE,TRUE,
7,03b,03b,TRUE,TRUE,
29,03b,03b,TRUE,TRUE,
93,17f,17f,TRUE,TRUE,
0,05b,05b,TRUE,TRUE,
26,03b,03b,TRUE,TRUE,
91,17f,17f,TRUE,TRUE,
2,17g,17g,TRUE,TRUE,
1,17b,17b,TRUE,TRUE,
0,17c,17c,TRUE,TRUE,
48,11p,11p,TRUE,TRUE,
49,12c,12c,TRUE,TRUE,
524,11t,11t,TRUE,TRUE,
523,09a,09a,TRUE,TRUE,
8,06b,06b,TRUE,TRUE,
521,09a,09a,TRUE,TRUE,
9,17c,17c,TRUE,TRUE,
519,09a,09a,TRUE,TRUE,
518,17b,17b,TRUE,TRUE,
517,09a,09a,TRUE,TRUE,
516,33a,33a,TRUE,TRUE,
515,09a,09a,TRUE,TRUE,
90,03b,03b,TRUE,TRUE,
4,06b,06b,TRUE,TRUE,
46,17a,17a,TRUE,TRUE,
6,06b,06b,TRUE,TRUE,
7,06b,06b,TRUE,TRUE,
25,03b,03b,TRUE,TRUE,
24,05a,05a,TRUE,TRUE,
23,05a,05a,TRUE,TRUE,
22,03b,03b,TRUE,TRUE,
92,29aDA,29aDA,TRUE,TRUE,
20,06b,06b,TRUE,TRUE,
19,17b,17b,TRUE,TRUE,
18,06b,06b,TRUE,TRUE,
15,17j,17j,TRUE,TRUE,
43,17b,17b,TRUE,TRUE,
15,06b,06b,TRUE,TRUE,
14,17b*,17b*,TRUE,TRUE,
13,01*,01*,TRUE,TRUE,
12,03b,03b,TRUE,TRUE,
11,17b,17b,TRUE,TRUE,
45,09a,09a,TRUE,TRUE,
3,06b,06b,TRUE,TRUE,
8,06c,06c,TRUE,TRUE,
44,17b,17b,TRUE,TRUE,
2,13c,13c,TRUE,TRUE,
0,13a,13a,TRUE,TRUE,
1,05cDA,05cDA,TRUE,TRUE,
61,06c,06c,TRUE,TRUE,
60,21dDA,21dDA,TRUE,TRUE,
59,21fDA,21fDA,TRUE,TRUE,
58,05cDA,05cDA,TRUE,TRUE,
57,05cDA,05cDA,TRUE,TRUE,
56,13c,13c,TRUE,TRUE,
55,19c,19c,TRUE,TRUE,
54,05c,05c,TRUE,TRUE,
10,33g,33g,TRUE,TRUE,
11,05a*,05a*,TRUE,TRUE,
51,06c,06c,TRUE,TRUE,
50,05cDA,05cDA,TRUE,TRUE,
49,05cDA,05cDA,TRUE,TRUE,
48,05cDA,05cDA,TRUE,TRUE,
47,13c,13c,TRUE,TRUE,
46,13c+,13c+,TRUE,TRUE,
45,13a,13a,TRUE,TRUE,
62,06c,06c,TRUE,TRUE,
63,05b,05b,TRUE,TRUE,
64,42a,42a,TRUE,TRUE,
65,05bDA,05bDA,TRUE,TRUE,
83,21dDA,21dDA,TRUE,TRUE,
82,03e,03e,TRUE,TRUE,
81,19c,19c,TRUE,TRUE,
80,05cDA,05cDA,TRUE,TRUE,
79,13a+,13a+,TRUE,TRUE,
78,05cDA,05cDA,TRUE,TRUE,
77,05cDA,05cDA,TRUE,TRUE,
76,19c+,19c+,TRUE,TRUE,
44,19c,19c,TRUE,TRUE,
75,05cDA,05cDA,TRUE,TRUE,
73,05cDA,05cDA,TRUE,TRUE,
72,13c,13c,TRUE,TRUE,
71,19c,19c,TRUE,TRUE,
70,05bDA,05bDA,TRUE,TRUE,
69,05cDA,05cDA,TRUE,TRUE,
68,05bDA,05bDA,TRUE,TRUE,
67,05bDA,05bDA,TRUE,TRUE,
66,05cDA,05cDA,TRUE,TRUE,
74,19c+,19c+,TRUE,TRUE,
512,09a,09a,TRUE,TRUE,
43,13c,13c,TRUE,TRUE,
41,22c,22c,TRUE,TRUE,
18,05cDA,05cDA,TRUE,TRUE,
17,13a,13a,TRUE,TRUE,
16,13a,13a,TRUE,TRUE,
15,05cDA,05cDA,TRUE,TRUE,
14,13a,13a,TRUE,TRUE,
13,13a,13a,TRUE,TRUE,
12,05cDA+,05cDA+,TRUE,TRUE,
11,05cDA+,05cDA+,TRUE,TRUE,
10,05cDA,05cDA,TRUE,TRUE,
9,05cDA,05cDA,TRUE,TRUE,
8,05cDA,05cDA,TRUE,TRUE,
7,05cDA,05cDA,TRUE,TRUE,
6,13a,13a,TRUE,TRUE,
5,13a,13a,TRUE,TRUE,
4,13a+,13a+,TRUE,TRUE,
3,13a,13a,TRUE,TRUE,
2,05cDA,05cDA,TRUE,TRUE,
19,13b,13b,TRUE,TRUE,
20,19c,19c,TRUE,TRUE,
21,19c,19c,TRUE,TRUE,
22,05bDA,05bDA,TRUE,TRUE,
40,06c,06c,TRUE,TRUE,
39,06a,06a,TRUE,TRUE,
38,03e,03e,TRUE,TRUE,
37,06c,06c,TRUE,TRUE,
36,13a,13a,TRUE,TRUE,
35,05cDA,05cDA,TRUE,TRUE,
34,13c+,13c+,TRUE,TRUE,
13,06b,06b,TRUE,TRUE,
12,05a*,05a*,TRUE,TRUE,
32,13a,13a,TRUE,TRUE,
30,19b,19b,TRUE,TRUE,
29,13c,13c,TRUE,TRUE,
28,21eDA,21eDA,TRUE,TRUE,
27,19b,19b,TRUE,TRUE,
26,13c,13c,TRUE,TRUE,
25,21eDA,21eDA,TRUE,TRUE,
24,19c+,19c+,TRUE,TRUE,
23,19c+,19c+,TRUE,TRUE,
31,19c,19c,TRUE,TRUE,
95,05bDA,05bDA,TRUE,TRUE,
