id,Mark,type,GlobalId,Name,Fire Designation,ObjectType,ObjectPlacement,Representation,Tag,OverallHeight,OverallWidth
31167,CLD1011.D1,IfcDoor,29Hsm7e3nBbgjoEQy1Lxhl,IDT 2a - Double Unequal Door (Glazed - Observation):1480mm - 2110mm S/O Laminate:621091,,1480mm - 2110mm S/O Laminate,"#2059125=IfcLocalPlacement(#2059102,#2059124)","#31159=IfcProductDefinitionShape($,$,(#31152,#31157))",621091,2110.0,1480.00000000005
31570,CLD1010.D1,IfcDoor,29Hsm7e3nBbgjoEQy1Lxhv,IDT 2a - Double Unequal Door (Glazed - Observation):1480mm - 2110mm S/O Laminate:621109,,1480mm - 2110mm S/O Laminate,"#2059164=IfcLocalPlacement(#2059141,#2059163)","#31562=IfcProductDefinitionShape($,$,(#31555,#31560))",621109,2110.0,1480.00000000005
31882,CLD1036.D1,IfcDoor,29Hsm7e3nBbgjoEQy1LxgB,IDT 2a - Double Unequal Door (Glazed - Observation):1480mm - 2110mm S/O Laminate:621127,,1480mm - 2110mm S/O Laminate,"#2059203=IfcLocalPlacement(#2059180,#2059202)","#31874=IfcProductDefinitionShape($,$,(#31867,#31872))",621127,2110.0,1480.00000000005
32199,CLD1012.D1,IfcDoor,29Hsm7e3nBbgjoEQy1LxgL,IDT 2a - Double Unequal Door (Glazed - Observation):1480mm - 2110mm S/O Laminate:621145,,1480mm - 2110mm S/O Laminate,"#2059242=IfcLocalPlacement(#2059219,#2059241)","#32191=IfcProductDefinitionShape($,$,(#32184,#32189))",621145,2110.0,1480.00000000005
32511,CLD1034.D1,IfcDoor,29Hsm7e3nBbgjoEQy1Lxgd,IDT 2a - Double Unequal Door (Glazed - Observation):1480mm - 2110mm S/O Laminate:621163,,1480mm - 2110mm S/O Laminate,"#2059281=IfcLocalPlacement(#2059258,#2059280)","#32503=IfcProductDefinitionShape($,$,(#32496,#32501))",621163,2110.0,1480.00000000005
32817,CLD1035.D1,IfcDoor,29Hsm7e3nBbgjoEQy1Lxgn,IDT 2a - Double Unequal Door (Glazed - Observation):1480mm - 2110mm S/O Laminate:621181,,1480mm - 2110mm S/O Laminate,"#2059320=IfcLocalPlacement(#2059297,#2059319)","#32809=IfcProductDefinitionShape($,$,(#32802,#32807))",621181,2110.0,1480.00000000005
33735,CLD1016.D1,IfcDoor,29Hsm7e3nBbgjoEQy1LxfK,IDT 2a - Double Unequal Door (Glazed - Observation):1480mm - 2110mm S/O Laminate:621208,,1480mm - 2110mm S/O Laminate,"#2059394=IfcLocalPlacement(#2059371,#2059393)","#33727=IfcProductDefinitionShape($,$,(#33720,#33725))",621208,2110.0,1480.00000000006
34047,CLD1015.D1,IfcDoor,29Hsm7e3nBbgjoEQy1Lxfc,IDT 2a - Double Unequal Door (Glazed - Observation):1480mm - 2110mm S/O Laminate:621226,,1480mm - 2110mm S/O Laminate,"#2059433=IfcLocalPlacement(#2059410,#2059432)","#34039=IfcProductDefinitionShape($,$,(#34032,#34037))",621226,2110.0,1480.00000000006
34352,CLD1014.D1,IfcDoor,29Hsm7e3nBbgjoEQy1Lxfm,IDT 2a - Double Unequal Door (Glazed - Observation):1480mm - 2110mm S/O Laminate:621244,,1480mm - 2110mm S/O Laminate,"#2059472=IfcLocalPlacement(#2059449,#2059471)","#34344=IfcProductDefinitionShape($,$,(#34337,#34342))",621244,2110.0,1480.00000000006
35419,CLD1013.D1,IfcDoor,29Hsm7e3nBbgjoEQy1Lxe6,IDT 2a - Double Unequal Door (Glazed - Observation):1480mm - 2110mm S/O Laminate:621258,,1480mm - 2110mm S/O Laminate,"#2059511=IfcLocalPlacement(#2059488,#2059510)","#35411=IfcProductDefinitionShape($,$,(#35404,#35409))",621258,2110.0,1479.99999999993
35725,CLD1039.D1,IfcDoor,29Hsm7e3nBbgjoEQy1LxeR,IDT 2a - Double Unequal Door (Glazed - Observation):1480mm - 2110mm S/O Laminate:621271,,1480mm - 2110mm S/O Laminate,"#2059550=IfcLocalPlacement(#2059527,#2059549)","#35717=IfcProductDefinitionShape($,$,(#35710,#35715))",621271,2110.0,1480.00000000006
36024,CLD1037.D1,IfcDoor,29Hsm7e3nBbgjoEQy1Lxeb,IDT 2a - Double Unequal Door (Glazed - Observation):1480mm - 2110mm S/O Laminate:621289,,1480mm - 2110mm S/O Laminate,"#2059589=IfcLocalPlacement(#2059566,#2059588)","#36016=IfcProductDefinitionShape($,$,(#36009,#36014))",621289,2110.0,1480.00000000006
36336,CLD1038.D1,IfcDoor,29Hsm7e3nBbgjoEQy1Lxet,IDT 2a - Double Unequal Door (Glazed - Observation):1480mm - 2110mm S/O Laminate:621307,,1480mm - 2110mm S/O Laminate,"#2059628=IfcLocalPlacement(#2059605,#2059627)","#36328=IfcProductDefinitionShape($,$,(#36321,#36326))",621307,2110.0,1480.00000000006
36649,CLD1040.D1,IfcDoor,29Hsm7e3nBbgjoEQy1Lxl1,IDT 2a - Double Unequal Door (Glazed - Observation):1480mm - 2110mm S/O Laminate:621325,,1480mm - 2110mm S/O Laminate,"#2059667=IfcLocalPlacement(#2059644,#2059666)","#36641=IfcProductDefinitionShape($,$,(#36634,#36639))",621325,2110.0,1480.00000000006
37476,CLD1031.D1,IfcDoor,29Hsm7e3nBbgjoEQy1Lxjk,IDT 2a - Double Unequal Door (Glazed - Observation):1480mm - 2110mm S/O Laminate:621474,,1480mm - 2110mm S/O Laminate,"#2059782=IfcLocalPlacement(#2059759,#2059781)","#37468=IfcProductDefinitionShape($,$,(#37461,#37466))",621474,2110.0,1480.00000000001
37788,CLD1032.D1,IfcDoor,29Hsm7e3nBbgjoEQy1Lxju,IDT 2a - Double Unequal Door (Glazed - Observation):1480mm - 2110mm S/O Laminate:621492,,1480mm - 2110mm S/O Laminate,"#2059821=IfcLocalPlacement(#2059798,#2059820)","#37780=IfcProductDefinitionShape($,$,(#37773,#37778))",621492,2110.0,1480.00000000001
38394,CLD1030.D1,IfcDoor,29Hsm7e3nBbgjoEQy1LxiT,IDT 2a - Double Unequal Door (Glazed - Observation):1480mm - 2110mm S/O Laminate:621521,,1480mm - 2110mm S/O Laminate,"#2059860=IfcLocalPlacement(#2059837,#2059859)","#38386=IfcProductDefinitionShape($,$,(#38379,#38384))",621521,2110.0,1480.00000000001
39220,CLD1029.D1,IfcDoor,29Hsm7e3nBbgjoEQy1Lxii,IDT 2a - Double Unequal Door (Glazed - Observation):1480mm - 2110mm S/O Laminate:621536,,1480mm - 2110mm S/O Laminate,"#2059899=IfcLocalPlacement(#2059876,#2059898)","#39212=IfcProductDefinitionShape($,$,(#39205,#39210))",621536,2110.0,1479.99999999999
39527,CLD1025.D1,IfcDoor,29Hsm7e3nBbgjoEQy1Lxiy,IDT 2a - Double Unequal Door (Glazed - Observation):1480mm - 2110mm S/O Laminate:621552,,1480mm - 2110mm S/O Laminate,"#2059938=IfcLocalPlacement(#2059915,#2059937)","#39519=IfcProductDefinitionShape($,$,(#39512,#39517))",621552,2110.0,1480.00000000001
39834,CLD1026.D1,IfcDoor,29Hsm7e3nBbgjoEQy1LxpE,IDT 2a - Double Unequal Door (Glazed - Observation):1480mm - 2110mm S/O Laminate:621570,,1480mm - 2110mm S/O Laminate,"#2059977=IfcLocalPlacement(#2059954,#2059976)","#39826=IfcProductDefinitionShape($,$,(#39819,#39824))",621570,2110.0,1480.00000000001
40142,CLD1027.D1,IfcDoor,29Hsm7e3nBbgjoEQy1LxpO,IDT 2a - Double Unequal Door (Glazed - Observation):1480mm - 2110mm S/O Laminate:621588,,1480mm - 2110mm S/O Laminate,"#2060016=IfcLocalPlacement(#2059993,#2060015)","#40134=IfcProductDefinitionShape($,$,(#40127,#40132))",621588,2110.0,1480.00000000001
40946,CLD1028.D1,IfcDoor,29Hsm7e3nBbgjoEQy1Lxpk,IDT 2a - Double Unequal Door (Glazed - Observation):1480mm - 2110mm S/O Laminate:621602,,1480mm - 2110mm S/O Laminate,"#2060055=IfcLocalPlacement(#2060032,#2060054)","#40938=IfcProductDefinitionShape($,$,(#40931,#40936))",621602,2110.0,1479.99999999999
41355,CLD1008.D1,IfcDoor,29Hsm7e3nBbgjoEQy1LxoA,IDT 2a - Double Unequal Door (Glazed - Observation):1480mm - 2110mm S/O Laminate:621638,,1480mm - 2110mm S/O Laminate,"#2060094=IfcLocalPlacement(#2060071,#2060093)","#41347=IfcProductDefinitionShape($,$,(#41340,#41345))",621638,2110.0,1480.00000000002
41666,CLD1007.D1,IfcDoor,29Hsm7e3nBbgjoEQy1LxoK,IDT 2a - Double Unequal Door (Glazed - Observation):1480mm - 2110mm S/O Laminate:621656,,1480mm - 2110mm S/O Laminate,"#2060133=IfcLocalPlacement(#2060110,#2060132)","#41658=IfcProductDefinitionShape($,$,(#41651,#41656))",621656,2110.0,1480.00000000002
41965,CLD1006.D1,IfcDoor,29Hsm7e3nBbgjoEQy1Lxoc,IDT 2a - Double Unequal Door (Glazed - Observation):1480mm - 2110mm S/O Laminate:621674,,1480mm - 2110mm S/O Laminate,"#2060172=IfcLocalPlacement(#2060149,#2060171)","#41957=IfcProductDefinitionShape($,$,(#41950,#41955))",621674,2110.0,1480.00000000002
43004,CLD1005.D1,IfcDoor,29Hsm7e3nBbgjoEQy1Lxor,IDT 2a - Double Unequal Door (Glazed - Observation):1480mm - 2110mm S/O Laminate:621689,,1480mm - 2110mm S/O Laminate,"#2060211=IfcLocalPlacement(#2060188,#2060210)","#42996=IfcProductDefinitionShape($,$,(#42989,#42994))",621689,2110.0,1480.00000000002
43310,CLD1002.D1,IfcDoor,29Hsm7e3nBbgjoEQy1Lxn6,IDT 2a - Double Unequal Door (Glazed - Observation):1480mm - 2110mm S/O Laminate:621706,,1480mm - 2110mm S/O Laminate,"#2060250=IfcLocalPlacement(#2060227,#2060249)","#43302=IfcProductDefinitionShape($,$,(#43295,#43300))",621706,2110.0,1480.00000000002
43615,CLD1001.D1,IfcDoor,29Hsm7e3nBbgjoEQy1LxnG,IDT 2a - Double Unequal Door (Glazed - Observation):1480mm - 2110mm S/O Laminate:621724,,1480mm - 2110mm S/O Laminate,"#2060289=IfcLocalPlacement(#2060266,#2060288)","#43607=IfcProductDefinitionShape($,$,(#43600,#43605))",621724,2110.0,1480.00000000002
45038,CLD1048.D1,IfcDoor,29Hsm7e3nBbgjoEQy1LxqY,IDT 2a - Double Unequal Door (Glazed - Observation):1480mm - 2110mm S/O Laminate:622062,,1480mm - 2110mm S/O Laminate,"#2060441=IfcLocalPlacement(#2060418,#2060440)","#45030=IfcProductDefinitionShape($,$,(#45023,#45028))",622062,2110.0,1480.00000000006
45343,CLD1047.D1,IfcDoor,29Hsm7e3nBbgjoEQy1LxxC,IDT 2a - Double Unequal Door (Glazed - Observation):1480mm - 2110mm S/O Laminate:622080,,1480mm - 2110mm S/O Laminate,"#2060480=IfcLocalPlacement(#2060457,#2060479)","#45335=IfcProductDefinitionShape($,$,(#45328,#45333))",622080,2110.0,1480.00000000006
45649,CLD1046.D1,IfcDoor,29Hsm7e3nBbgjoEQy1LxxU,IDT 2a - Double Unequal Door (Glazed - Observation):1480mm - 2110mm S/O Laminate:622098,,1480mm - 2110mm S/O Laminate,"#2060519=IfcLocalPlacement(#2060496,#2060518)","#45641=IfcProductDefinitionShape($,$,(#45634,#45639))",622098,2110.0,1480.00000000006
46503,CLD1045.D1,IfcDoor,29Hsm7e3nBbgjoEQy1LxxJ,IDT 2a - Double Unequal Door (Glazed - Observation):1480mm - 2110mm S/O Laminate:622111,,1480mm - 2110mm S/O Laminate,"#2060558=IfcLocalPlacement(#2060535,#2060557)","#46495=IfcProductDefinitionShape($,$,(#46488,#46493))",622111,2110.0,1479.99999999993
46903,CLD1043.D1,IfcDoor,29Hsm7e3nBbgjoEQy1Lxw1,IDT 2a - Double Unequal Door (Glazed - Observation):1480mm - 2110mm S/O Laminate:622157,,1480mm - 2110mm S/O Laminate,"#2060597=IfcLocalPlacement(#2060574,#2060596)","#46895=IfcProductDefinitionShape($,$,(#46888,#46893))",622157,2110.0,1480.00000000005
47294,CLD1042.D1,IfcDoor,29Hsm7e3nBbgjoEQy1LxwJ,IDT 2a - Double Unequal Door (Glazed - Observation):1480mm - 2110mm S/O Laminate:622175,,1480mm - 2110mm S/O Laminate,"#2060636=IfcLocalPlacement(#2060613,#2060635)","#47286=IfcProductDefinitionShape($,$,(#47279,#47284))",622175,2110.0,1480.00000000005
47492,CLD1044.D1,IfcDoor,29Hsm7e3nBbgjoEQy1Lxwz,IDT 2a - Double Unequal Door (Glazed - Observation):1480mm - 2110mm S/O Laminate:622193,,1480mm - 2110mm S/O Laminate,"#2060675=IfcLocalPlacement(#2060652,#2060674)","#47484=IfcProductDefinitionShape($,$,(#47477,#47482))",622193,2110.0,1480.00000000007
61108,CLD1065.D1,IfcDoor,29Hsm7e3nBbgjoEQy1LxvJ,IDT 1d - Single Door:1060mm - 2110mm S/O Laminate:622239,,1060mm - 2110mm S/O Laminate,"#2060714=IfcLocalPlacement(#2060691,#2060713)","#61102=IfcProductDefinitionShape($,$,(#61095,#61100))",622239,2109.99999999998,1059.99999999998
74246,CLD1076.D1,IfcDoor,29Hsm7e3nBbgjoEQy1Lxvf,IDT 1d - Single Door:1060mm - 2110mm S/O Laminate:622245,,1060mm - 2110mm S/O Laminate,"#2060365=IfcLocalPlacement(#2060344,#2060364)","#74240=IfcProductDefinitionShape($,$,(#74233,#74238))",622245,2109.99999999998,1060.0
130422,CLD1C03.D1,IfcDoor,29Hsm7e3nBbgjoEQy1Lxvq,IDT 3b - Equal Double Door (Glazed):1910mm - 2110mm S/O Laminate:622264,,1910mm - 2110mm S/O Laminate,"#2060868=IfcLocalPlacement(#2060845,#2060867)","#130416=IfcProductDefinitionShape($,$,(#130409,#130414))",622264,2110.0,1909.99999999995
196909,CLD1C02.D2,IfcDoor,29rpqQg5fF382R3_KsjzmX,IDT 3b - Equal Double Door (Glazed):1910mm - 2110mm S/O DS Laminate:622282,,1910mm - 2110mm S/O DS Laminate,"#2061168=IfcLocalPlacement(#2061147,#2061167)","#196903=IfcProductDefinitionShape($,$,(#196896,#196901))",622282,2110.0,1910.0
262055,CLD1C04.D2,IfcDoor,29Hsm7e3nBbgjoEQy1Lxu2,IDT 3b - Equal Double Door (Glazed):1910mm - 2110mm S/O DS Laminate:622286,,1910mm - 2110mm S/O DS Laminate,"#2061207=IfcLocalPlacement(#2061184,#2061206)","#262049=IfcProductDefinitionShape($,$,(#262042,#262047))",622286,2110.0,1910.0
262262,CLD1C10.D2,IfcDoor,29Hsm7e3nBbgjoEQy1LxuU,IDT 3b - Equal Double Door (Glazed):1910mm - 2110mm S/O DS Laminate:622290,,1910mm - 2110mm S/O DS Laminate,"#2061244=IfcLocalPlacement(#2061223,#2061243)","#262256=IfcProductDefinitionShape($,$,(#262249,#262254))",622290,2110.0,1910.0
288659,CLD1104.D1,IfcDoor,29Hsm7e3nBbgjoEQy1LxuG,IDT 1c - Single Door (Glazed):1060mm - 2110mm S/O Laminate:622300,,1060mm - 2110mm S/O Laminate,"#2060944=IfcLocalPlacement(#2060921,#2060943)","#288653=IfcProductDefinitionShape($,$,(#288646,#288651))",622300,2109.99999999998,1060.0
288930,CLD1103.D1,IfcDoor,29Hsm7e3nBbgjoEQy1LxuJ,IDT 1d - Single Door:1060mm - 2110mm S/O Laminate:622303,,1060mm - 2110mm S/O Laminate,"#2061283=IfcLocalPlacement(#2061260,#2061282)","#288924=IfcProductDefinitionShape($,$,(#288917,#288922))",622303,2109.99999999998,1060.0
315481,CLD1059.D1,IfcDoor,29Hsm7e3nBbgjoEQy1Lxub,IDT 1c - Single Door (Glazed):1060mm - 2110mm S/O Laminate:622313,,1060mm - 2110mm S/O Laminate,"#2061318=IfcLocalPlacement(#2061299,#2061317)","#315475=IfcProductDefinitionShape($,$,(#315468,#315473))",622313,2109.99999999998,1060.0
328240,CLD1055.D1,IfcDoor,29Hsm7e3nBbgjoEQy1LxuW,IDT 1d - Single Door:1060mm - 2110mm S/O Laminate:622316,,1060mm - 2110mm S/O Laminate,"#2061357=IfcLocalPlacement(#2061334,#2061356)","#328234=IfcProductDefinitionShape($,$,(#328227,#328232))",622316,2109.99999999998,1060.00000000011
328603,CLD1060.D1,IfcDoor,29Hsm7e3nBbgjoEQy1Lxuz,IDT 1d - Single Door:1060mm - 2110mm S/O Laminate:622321,,1060mm - 2110mm S/O Laminate,"#2061392=IfcLocalPlacement(#2061373,#2061391)","#328597=IfcProductDefinitionShape($,$,(#328590,#328595))",622321,2109.99999999998,1060.0
328712,CLD1100.D1,IfcDoor,29Hsm7e3nBbgjoEQy1Lxuu,IDT 1d - Single Door:1060mm - 2110mm S/O Laminate:622324,,1060mm - 2110mm S/O Laminate,"#2060328=IfcLocalPlacement(#2060305,#2060327)","#328706=IfcProductDefinitionShape($,$,(#328699,#328704))",622324,2109.99999999998,1060.00000000011
341472,CLD1063.D1,IfcDoor,29Hsm7e3nBbgjoEQy1Lxuv,IDT 1d - Single Door:1060mm - 2110mm S/O Laminate:622325,,1060mm - 2110mm S/O Laminate,"#2060753=IfcLocalPlacement(#2060730,#2060752)","#341464=IfcProductDefinitionShape($,$,(#341457,#341462))",622325,2109.99999999998,1060.00000000001
354860,CLD1102.D1,IfcDoor,29Hsm7e3nBbgjoEQy1Lx$D,IDT 2d - Double Unequal Door:1510mm - 2110mm S/O Laminate:622337,,1510mm - 2110mm S/O Laminate,"#2060905=IfcLocalPlacement(#2060884,#2060904)","#354854=IfcProductDefinitionShape($,$,(#354847,#354852))",622337,2110.00000000001,1510.0
367777,CLD1066.D1,IfcDoor,29Hsm7e3nBbgjoEQy1Lx$8,IDT 1d - Single Door:1060mm - 2110mm S/O Laminate:622340,,1060mm - 2110mm S/O Laminate,"#2061427=IfcLocalPlacement(#2061408,#2061426)","#367771=IfcProductDefinitionShape($,$,(#367764,#367769))",622340,2109.99999999998,1060.0
367888,CLD1098.D1,IfcDoor,29Hsm7e3nBbgjoEQy1Lx$U,IDT 1d - Single Door:1060mm - 2110mm S/O Laminate:622354,,1060mm - 2110mm S/O Laminate,"#2061020=IfcLocalPlacement(#2061001,#2061019)","#367882=IfcProductDefinitionShape($,$,(#367875,#367880))",622354,2109.99999999998,1060.00000000011
402451,CLD1C06.D1,IfcDoor,29Hsm7e3nBbgjoEQy1Lx$P,IDT 1b - Single Door (Glazed):1060mm-2110mm S/O Laminate:622357,,1060mm-2110mm S/O Laminate,"#2061464=IfcLocalPlacement(#2061443,#2061463)","#402445=IfcProductDefinitionShape($,$,(#402438,#402443))",622357,2109.99999999998,1060.0
402636,CLD1097.D1,IfcDoor,29Hsm7e3nBbgjoEQy1Lx$R,IDT 2d - Double Unequal Door:1510mm - 2110mm S/O Laminate:622359,,1510mm - 2110mm S/O Laminate,"#2061057=IfcLocalPlacement(#2061036,#2061056)","#402630=IfcProductDefinitionShape($,$,(#402623,#402628))",622359,2110.00000000001,1510.00000000004
416018,CLD1087.D1,IfcDoor,29Hsm7e3nBbgjoEQy1Lx$M,IDT 2d - Double Unequal Door:1510mm - 2110mm S/O Laminate:622362,,1510mm - 2110mm S/O Laminate,"#2061501=IfcLocalPlacement(#2061480,#2061500)","#416012=IfcProductDefinitionShape($,$,(#416005,#416010))",622362,2110.00000000001,1510.0
416218,CLD1090.D1,IfcDoor,29Hsm7e3nBbgjoEQy1Lx$k,IDT 1d - Single Door:1060mm - 2110mm S/O Laminate:622370,,1060mm - 2110mm S/O Laminate,"#2061538=IfcLocalPlacement(#2061517,#2061537)","#416212=IfcProductDefinitionShape($,$,(#416205,#416210))",622370,2109.99999999998,1060.00000000011
416327,CLD1088.D1,IfcDoor,29Hsm7e3nBbgjoEQy1Lx_A,IDT 1d - Single Door:1060mm - 2110mm S/O Laminate:622406,,1060mm - 2110mm S/O Laminate,"#2061131=IfcLocalPlacement(#2061110,#2061130)","#416321=IfcProductDefinitionShape($,$,(#416314,#416319))",622406,2109.99999999998,1060.0
416536,CLD1089.D1,IfcDoor,29Hsm7e3nBbgjoEQy1Lx_U,IDT 1d - Single Door:1060mm - 2110mm S/O Laminate:622418,,1060mm - 2110mm S/O Laminate,"#2061094=IfcLocalPlacement(#2061073,#2061093)","#416530=IfcProductDefinitionShape($,$,(#416523,#416528))",622418,2109.99999999998,1060.0
431325,CLD1041.D1,IfcDoor,29Hsm7e3nBbgjoEQy1Lx_L,IDT 2a - Double Unequal Door (Glazed - Observation):1710mm - 2110mm S/O Laminate:622425,,1710mm - 2110mm S/O Laminate,"#2061863=IfcLocalPlacement(#2061840,#2061862)","#431317=IfcProductDefinitionShape($,$,(#431310,#431315))",622425,2110.0,1710.00000000009
445329,CLD1041A.D1,IfcDoor,29Hsm7e3nBbgjoEQy1Lx_N,IDT 2d - Double Unequal Door:1610mm - 2110mm S/O Laminate:622427,,1610mm - 2110mm S/O Laminate,"#2061900=IfcLocalPlacement(#2061879,#2061899)","#445323=IfcProductDefinitionShape($,$,(#445316,#445321))",622427,2110.0,1610.0
445603,CLD1009.D1,IfcDoor,29Hsm7e3nBbgjoEQy1Lx_H,IDT 2a - Double Unequal Door (Glazed - Observation):1710mm - 2110mm S/O Laminate:622429,,1710mm - 2110mm S/O Laminate,"#2061939=IfcLocalPlacement(#2061916,#2061938)","#445595=IfcProductDefinitionShape($,$,(#445588,#445593))",622429,2110.0,1710.00000000009
446192,CLD1058.D1,IfcDoor,1DAYtr5lL0vuvRQD8DTHQR,IDT 1d - Single Door:1060mm - 2110mm S/O Laminate:628279,,1060mm - 2110mm S/O Laminate,"#2061978=IfcLocalPlacement(#2061955,#2061977)","#446186=IfcProductDefinitionShape($,$,(#446179,#446184))",628279,2109.99999999998,1060.0
446301,CLD1054.D1,IfcDoor,1DAYtr5lL0vuvRQD8DTHPN,IDT 1d - Single Door:1060mm - 2110mm S/O Laminate:628475,,1060mm - 2110mm S/O Laminate,"#2060829=IfcLocalPlacement(#2060806,#2060828)","#446295=IfcProductDefinitionShape($,$,(#446288,#446293))",628475,2109.99999999998,1060.00000000011
446611,CLD1003.D1,IfcDoor,0WSkAvpRnEafQDZ0ubsqXz,IDT 2a - Double Unequal Door (Glazed - Observation):1480mm - 2110mm S/O Laminate:628600,,1480mm - 2110mm S/O Laminate,"#2062017=IfcLocalPlacement(#2061994,#2062016)","#446603=IfcProductDefinitionShape($,$,(#446596,#446601))",628600,2110.0,1480.00000000002
447407,CLD1004.D1,IfcDoor,0WSkAvpRnEafQDZ0ubsqSM,IDT 2a - Double Unequal Door (Glazed - Observation):1480mm - 2110mm S/O Laminate:628755,,1480mm - 2110mm S/O Laminate,"#2062056=IfcLocalPlacement(#2062033,#2062055)","#447399=IfcProductDefinitionShape($,$,(#447392,#447397))",628755,2110.0,1479.99999999999
447515,CLD1105.D1,IfcDoor,1QjdbWirP83hvQUOrfk8Rx,IDT 1c - Single Door (Glazed):1060mm - 2110mm S/O Laminate:629358,,1060mm - 2110mm S/O Laminate,"#2060985=IfcLocalPlacement(#2060962,#2060984)","#447507=IfcProductDefinitionShape($,$,(#447500,#447505))",629358,2109.99999999998,1059.99999999999
447725,CLD1077.D1,IfcDoor,1LxmUP709EqvjsKbbvZLyg,IDT 2d - Double Unequal Door:1510mm - 2110mm S/O Laminate:631514,,1510mm - 2110mm S/O Laminate,"#2061647=IfcLocalPlacement(#2061626,#2061646)","#447719=IfcProductDefinitionShape($,$,(#447712,#447717))",631514,2110.00000000001,1510.0
458714,CLD1078.D1,IfcDoor,390ARTnU5DuOyRZX3D7hsT,IDT 1d - Single Door:810mm - 2110mm S/O Laminate:632192,,810mm - 2110mm S/O Laminate,"#2061682=IfcLocalPlacement(#2061663,#2061681)","#458708=IfcProductDefinitionShape($,$,(#458701,#458706))",632192,2109.99999999998,809.999999999989
458891,CLD1086.D1,IfcDoor,390ARTnU5DuOyRZX3D7hvL,IDT 2d - Double Unequal Door:1510mm - 2110mm S/O Laminate:632392,,1510mm - 2110mm S/O Laminate,"#2061717=IfcLocalPlacement(#2061698,#2061716)","#458885=IfcProductDefinitionShape($,$,(#458878,#458883))",632392,2110.00000000001,1510.0
459085,CLD1084.D1,IfcDoor,390ARTnU5DuOyRZX3D7h6Y,IDT 1d - Single Door:1060mm - 2110mm S/O Laminate:633279,,1060mm - 2110mm S/O Laminate,"#2061787=IfcLocalPlacement(#2061768,#2061786)","#459079=IfcProductDefinitionShape($,$,(#459072,#459077))",633279,2109.99999999998,1060.0
459283,CLD1085.D1,IfcDoor,2kT2EG99DFq8g$ZNsifOCI,IDT 1d - Single Door:1060mm - 2110mm S/O Laminate:634674,,1060mm - 2110mm S/O Laminate,"#2061752=IfcLocalPlacement(#2061733,#2061751)","#459277=IfcProductDefinitionShape($,$,(#459270,#459275))",634674,2109.99999999998,1060.0
485598,CLD1091.D1,IfcDoor,3UPI7yM_fAy8TpKse$iM9O,IDT 1c - Single Door (Glazed):1060mm - 2110mm S/O Laminate:636844,,1060mm - 2110mm S/O Laminate,"#2061573=IfcLocalPlacement(#2061554,#2061572)","#485592=IfcProductDefinitionShape($,$,(#485585,#485590))",636844,2109.99999999998,1060.00000000011
496781,CLD1021A.D1,IfcDoor,1fQ8L$atrBz8zLOlWxV0In,IDT 1d - Single Door:810mm - 2110mm S/O Laminate:646551,,810mm - 2110mm S/O Laminate,"#2062130=IfcLocalPlacement(#2062109,#2062129)","#496775=IfcProductDefinitionShape($,$,(#496768,#496773))",646551,2109.99999999998,810.000000000006
498936,CLD1020A.D1,IfcDoor,1fQ8L$atrBz8zLOlWxV3rH,IDT 1d - Single Door:810mm - 2110mm S/O Laminate:648311,,810mm - 2110mm S/O Laminate,"#2062166=IfcLocalPlacement(#2062146,#2062165)","#498928=IfcProductDefinitionShape($,$,(#498921,#498926))",648311,2109.99999999998,810.000000000005
509667,CLD1019A.D1,IfcDoor,1fQ8L$atrBz8zLOlWxV3sl,IDT 1d - Single Door:810mm - 2110mm S/O Laminate:648329,,810mm - 2110mm S/O Laminate,"#2062201=IfcLocalPlacement(#2062182,#2062200)","#509659=IfcProductDefinitionShape($,$,(#509652,#509657))",648329,2109.99999999998,810.000000000005
509778,CLD1018A.D1,IfcDoor,1fQ8L$atrBz8zLOlWxV3s5,IDT 1d - Single Door:810mm - 2110mm S/O Laminate:648355,,810mm - 2110mm S/O Laminate,"#2062237=IfcLocalPlacement(#2062217,#2062236)","#509770=IfcProductDefinitionShape($,$,(#509763,#509768))",648355,2109.99999999998,810.000000000005
509889,CLD1017A.D1,IfcDoor,1fQ8L$atrBz8zLOlWxV3tZ,IDT 1d - Single Door:810mm - 2110mm S/O Laminate:648389,,810mm - 2110mm S/O Laminate,"#2062272=IfcLocalPlacement(#2062253,#2062271)","#509881=IfcProductDefinitionShape($,$,(#509874,#509879))",648389,2109.99999999998,810.000000000005
510521,CLD1082.D1,IfcDoor,3sPYW5i$P6jBYEGfyqPcjQ,IDT 1d - Single Door:1060mm - 2110mm S/O Laminate:657029,,1060mm - 2110mm S/O Laminate,"#2060402=IfcLocalPlacement(#2060381,#2060401)","#510515=IfcProductDefinitionShape($,$,(#510508,#510513))",657029,2109.99999999998,1060.0
510724,CLD1C01.D1,IfcDoor,3JNAhT_2P9ZfZOTBS04iAd,IDT 3b - Equal Double Door (Glazed):1910mm - 2110mm S/O DS Laminate:657990,,1910mm - 2110mm S/O DS Laminate,"#2059743=IfcLocalPlacement(#2059720,#2059742)","#510718=IfcProductDefinitionShape($,$,(#510711,#510716))",657990,2110.0,1910.0
511815,CLD1C11.D1,IfcDoor,1TAthPdqD99812CbvmbQg9,IDT 3b - Equal Double Door (Glazed):1910mm - 2110mm S/O Laminate:680102,,1910mm - 2110mm S/O Laminate,"#2062459=IfcLocalPlacement(#2062436,#2062458)","#511809=IfcProductDefinitionShape($,$,(#511802,#511807))",680102,2110.0,1909.99999999995
566985,CLD1C12.D1,IfcDoor,1TAthPdqD99812CbvmbQg8,IDT 3b - Equal Double Door (Glazed):1910mm - 2110mm S/O Laminate:680103,,1910mm - 2110mm S/O Laminate,"#2062535=IfcLocalPlacement(#2062512,#2062534)","#566977=IfcProductDefinitionShape($,$,(#566970,#566975))",680103,2110.0,1909.99999999998
567228,CLD1074.D1,IfcDoor,1TAthPdqD99812CbvmbQg2,IDT 1d - Single Door:1060mm - 2110mm S/O Laminate:680109,,1060mm - 2110mm S/O Laminate,"#2062570=IfcLocalPlacement(#2062551,#2062569)","#567222=IfcProductDefinitionShape($,$,(#567215,#567220))",680109,2109.99999999998,1060.0
581043,CLD1053.D1,IfcDoor,1TAthPdqD99812CbvmbQgL,IDT 2a - Double Unequal Door (Glazed - Observation):1480mm - 2110mm S/O Laminate:680122,,1480mm - 2110mm S/O Laminate,"#2062605=IfcLocalPlacement(#2062586,#2062604)","#581037=IfcProductDefinitionShape($,$,(#581030,#581035))",680122,2110.0,1479.99999999999
619603,CLD1072.D1,IfcDoor,1TAthPdqD99812CbvmbQhw,IDT 1a - Single Door (Glazed - Observation):1060mm - 2110mm S/O:680149,,1060mm - 2110mm S/O,"#2062496=IfcLocalPlacement(#2062475,#2062495)","#619597=IfcProductDefinitionShape($,$,(#619590,#619595))",680149,2109.99999999998,1060.0
634373,CLD1033B.D1,IfcDoor,27luHkgEf0UwVSA2H_P_$R,IDT 11a - Double Unequal Door (Glazed - Observation):1710mm - 2110mm S/O:711135,,1710mm - 2110mm S/O,"#2061610=IfcLocalPlacement(#2061589,#2061609)","#634367=IfcProductDefinitionShape($,$,(#634360,#634365))",711135,2110.0,1709.99999999999
634495,CLD1033.D1,IfcDoor,2sYnj4$854I8sMIzTIXifY,IDT 11a - Double Unequal Door (Glazed - Observation):1710mm - 2110mm S/O:711219,,1710mm - 2110mm S/O,"#2059355=IfcLocalPlacement(#2059336,#2059354)","#634487=IfcProductDefinitionShape($,$,(#634480,#634485))",711219,2110.0,1710.00000000012
634603,CLD1071.D1,IfcDoor,1KSFxacpPD0xv7q9C9bCN3,IDT 1d - Single Door:1060mm - 2110mm S/O Laminate:712160,,1060mm - 2110mm S/O Laminate,"#2062640=IfcLocalPlacement(#2062621,#2062639)","#634597=IfcProductDefinitionShape($,$,(#634590,#634595))",712160,2109.99999999998,1060.0
634712,CLD1070.D1,IfcDoor,1KSFxacpPD0xv7q9C9bCNN,IDT 1c - Single Door (Glazed):1060mm - 2110mm S/O Laminate:712180,,1060mm - 2110mm S/O Laminate,"#2062675=IfcLocalPlacement(#2062656,#2062674)","#634706=IfcProductDefinitionShape($,$,(#634699,#634704))",712180,2109.99999999998,1060.0
634822,CLD1069.D1,IfcDoor,1KSFxacpPD0xv7q9C9bCOj,IDT 1d - Single Door:1060mm - 2110mm S/O Laminate:712206,,1060mm - 2110mm S/O Laminate,"#2059704=IfcLocalPlacement(#2059683,#2059703)","#634816=IfcProductDefinitionShape($,$,(#634809,#634814))",712206,2109.99999999998,1060.00000000011
648603,CAU1022.D1,IfcDoor,1ZXQ4liTXBhewpdkWCg96V,IDT 2d - Double Unequal Door:1510mm - 2110mm S/O Laminate:717979,,1510mm - 2110mm S/O Laminate,"#2062751=IfcLocalPlacement(#2062728,#2062750)","#648595=IfcProductDefinitionShape($,$,(#648588,#648593))",717979,2110.00000000001,1510.00000000003
648712,CAU1023.D1,IfcDoor,1ZXQ4liTXBhewpdkWCg971,IDT 2d - Double Unequal Door:1510mm - 2110mm S/O Laminate:718021,,1510mm - 2110mm S/O Laminate,"#2062790=IfcLocalPlacement(#2062767,#2062789)","#648704=IfcProductDefinitionShape($,$,(#648697,#648702))",718021,2110.00000000001,1510.00000000003
648820,CAU1022A.D1,IfcDoor,1ZXQ4liTXBhewpdkWCg91O,IDT 1d - Single Door:810mm - 2110mm S/O Laminate:718172,,810mm - 2110mm S/O Laminate,"#2062712=IfcLocalPlacement(#2062691,#2062711)","#648812=IfcProductDefinitionShape($,$,(#648805,#648810))",718172,2109.99999999998,809.999999999999
648930,CAU1023A.D1,IfcDoor,1ZXQ4liTXBhewpdkWCg91w,IDT 1d - Single Door:810mm - 2110mm S/O Laminate:718206,,810mm - 2110mm S/O Laminate,"#2062827=IfcLocalPlacement(#2062806,#2062826)","#648922=IfcProductDefinitionShape($,$,(#648915,#648920))",718206,2109.99999999998,810.000000000016
662960,CAU1024.D1,IfcDoor,3nIwepOJjDKuJLSUTPNnMV,IDT 2d - Double Unequal Door:1510mm - 2110mm S/O Laminate:721025,,1510mm - 2110mm S/O Laminate,"#2062938=IfcLocalPlacement(#2062917,#2062937)","#662952=IfcProductDefinitionShape($,$,(#662945,#662950))",721025,2110.00000000001,1510.00000000003
663069,CAU1025.D1,IfcDoor,3nIwepOJjDKuJLSUTPNnML,IDT 2d - Double Unequal Door:1510mm - 2110mm S/O Laminate:721035,,1510mm - 2110mm S/O Laminate,"#2062977=IfcLocalPlacement(#2062954,#2062976)","#663061=IfcProductDefinitionShape($,$,(#663054,#663059))",721035,2110.00000000001,1510.00000000004
697745,CAU1009.D2,IfcDoor,3nIwepOJjDKuJLSUTPNn1T,IDT 1b - Single Door (Glazed):1060mm-2110mm S/O Laminate:722243,,1060mm-2110mm S/O Laminate,"#2063014=IfcLocalPlacement(#2062993,#2063013)","#697737=IfcProductDefinitionShape($,$,(#697730,#697735))",722243,2109.99999999998,1060.0000000001
699417,CAU1015A.D1,IfcDoor,0LIjYv4vbAehd7ig1feHuS,IDT 1d - Single Door:810mm - 2110mm S/O Laminate:731707,,810mm - 2110mm S/O Laminate,"#2063302=IfcLocalPlacement(#2063281,#2063301)","#699409=IfcProductDefinitionShape($,$,(#699402,#699407))",731707,2109.99999999998,810.000000000066
699527,CAU1016A.D1,IfcDoor,0LIjYv4vbAehd7ig1feHv_,IDT 1d - Single Door:810mm - 2110mm S/O Laminate:731737,,810mm - 2110mm S/O Laminate,"#2063376=IfcLocalPlacement(#2063355,#2063375)","#699519=IfcProductDefinitionShape($,$,(#699512,#699517))",731737,2109.99999999998,810.000000000066
699817,CAU1026.D1,IfcDoor,0p_qV7NVnEQPcjdcRAo$Tw,IDT 2d - Double Unequal Door:1510mm - 2110mm S/O Laminate:734054,,1510mm - 2110mm S/O Laminate,"#2063448=IfcLocalPlacement(#2063429,#2063447)","#699809=IfcProductDefinitionShape($,$,(#699802,#699807))",734054,2110.00000000001,1510.00000000004
699925,CAU1014A.D1,IfcDoor,1_ojU4ySv6dfmAiQOGG21C,IDT 1d - Single Door:810mm - 2110mm S/O Laminate:735738,,810mm - 2110mm S/O Laminate,"#2063413=IfcLocalPlacement(#2063392,#2063412)","#699917=IfcProductDefinitionShape($,$,(#699910,#699915))",735738,2109.99999999998,810.000000000066
710656,CAU1013A.D1,IfcDoor,1_ojU4ySv6dfmAiQOGG2EM,IDT 1d - Single Door:810mm - 2110mm S/O Laminate:735776,,810mm - 2110mm S/O Laminate,"#2063485=IfcLocalPlacement(#2063464,#2063484)","#710648=IfcProductDefinitionShape($,$,(#710641,#710646))",735776,2109.99999999998,809.999999999999
710768,CAU1013.D1,IfcDoor,0UOcyb$sH9hwvbl1SH10hX,IDT 2d - Double Unequal Door:1510mm - 2110mm S/O Laminate:736437,,1510mm - 2110mm S/O Laminate,"#2063522=IfcLocalPlacement(#2063501,#2063521)","#710760=IfcProductDefinitionShape($,$,(#710753,#710758))",736437,2110.00000000001,1510.00000000004
710875,CAU1014.D1,IfcDoor,0UOcyb$sH9hwvbl1SH10jp,IDT 2d - Double Unequal Door:1510mm - 2110mm S/O Laminate:736551,,1510mm - 2110mm S/O Laminate,"#2063557=IfcLocalPlacement(#2063538,#2063556)","#710867=IfcProductDefinitionShape($,$,(#710860,#710865))",736551,2110.00000000001,1509.99999999999
710983,CAU1015.D1,IfcDoor,0UOcyb$sH9hwvbl1SH10iT,IDT 2d - Double Unequal Door:1510mm - 2110mm S/O Laminate:736585,,1510mm - 2110mm S/O Laminate,"#2063592=IfcLocalPlacement(#2063573,#2063591)","#710975=IfcProductDefinitionShape($,$,(#710968,#710973))",736585,2110.00000000001,1509.99999999999
711090,CAU1016.D1,IfcDoor,0UOcyb$sH9hwvbl1SH10iZ,IDT 2d - Double Unequal Door:1510mm - 2110mm S/O Laminate:736631,,1510mm - 2110mm S/O Laminate,"#2063339=IfcLocalPlacement(#2063318,#2063338)","#711082=IfcProductDefinitionShape($,$,(#711075,#711080))",736631,2110.00000000001,1509.99999999999
711197,CAU1006.D1,IfcDoor,0UOcyb$sH9hwvbl1SH10ZK,IDT 1d - Single Door:1060mm - 2110mm S/O Laminate:736896,,1060mm - 2110mm S/O Laminate,"#2063049=IfcLocalPlacement(#2063030,#2063048)","#711189=IfcProductDefinitionShape($,$,(#711182,#711187))",736896,2109.99999999998,1060.00000000001
711309,CAU1028.D1,IfcDoor,0Skj96gM15MOJxrmMGv8$4,IDT 1d - Single Door:1060mm - 2110mm S/O Laminate:738310,,1060mm - 2110mm S/O Laminate,"#2062420=IfcLocalPlacement(#2062399,#2062419)","#711303=IfcProductDefinitionShape($,$,(#711296,#711301))",738310,2109.99999999998,1060.00000000011
711417,CLD1024.D1,IfcDoor,0Skj96gM15MOJxrmMGv8_F,IDT 2a - Double Unequal Door (Glazed - Observation):1480mm - 2110mm S/O Laminate:738381,,1480mm - 2110mm S/O Laminate,"#2063629=IfcLocalPlacement(#2063608,#2063628)","#711411=IfcProductDefinitionShape($,$,(#711404,#711409))",738381,2110.0,1479.99999999994
760788,CLD1023.D1,IfcDoor,0Skj96gM15MOJxrmMGv8_m,IDT 3a - Equal Double Door (Glazed - Observation) Frameless:1824mm - 2060mm S/O Frameless Laminate:738418,,1824mm - 2060mm S/O Frameless Laminate,"#2063666=IfcLocalPlacement(#2063645,#2063665)","#760782=IfcProductDefinitionShape($,$,(#760775,#760780))",738418,2060.0,1824.0
760969,CLD1021.D1,IfcDoor,0Skj96gM15MOJxrmMGv8y0,IDT 2a - Double Unequal Door (Glazed - Observation):1480mm - 2110mm S/O Laminate:738498,,1480mm - 2110mm S/O Laminate,"#2063705=IfcLocalPlacement(#2063682,#2063704)","#760963=IfcProductDefinitionShape($,$,(#760956,#760961))",738498,2110.0,1479.99999999994
774688,CLD1020.D1,IfcDoor,0Skj96gM15MOJxrmMGv8yc,IDT 2a - Double Unequal Door (Glazed - Observation):1480mm - 2110mm S/O Laminate:738532,,1480mm - 2110mm S/O Laminate,"#2063744=IfcLocalPlacement(#2063721,#2063743)","#774680=IfcProductDefinitionShape($,$,(#774673,#774678))",738532,2110.0,1480.00000000006
788408,CLD1019.D1,IfcDoor,0Skj96gM15MOJxrmMGv8x6,IDT 2a - Double Unequal Door (Glazed - Observation):1480mm - 2110mm S/O Laminate:738564,,1480mm - 2110mm S/O Laminate,"#2062346=IfcLocalPlacement(#2062325,#2062345)","#788400=IfcProductDefinitionShape($,$,(#788393,#788398))",738564,2110.0,1479.99999999994
788516,CLD1018.D1,IfcDoor,24WOmJlSn6cxPbRP9wFO7I,IDT 2a - Double Unequal Door (Glazed - Observation):1480mm - 2110mm S/O Laminate:738598,,1480mm - 2110mm S/O Laminate,"#2062383=IfcLocalPlacement(#2062362,#2062382)","#788508=IfcProductDefinitionShape($,$,(#788501,#788506))",738598,2110.0,1479.99999999994
788623,CLD1017.D1,IfcDoor,3AHegM8IL0dvH4Mxx6GGOH,IDT 2a - Double Unequal Door (Glazed - Observation):1480mm - 2110mm S/O Laminate:738628,,1480mm - 2110mm S/O Laminate,"#2062309=IfcLocalPlacement(#2062288,#2062308)","#788615=IfcProductDefinitionShape($,$,(#788608,#788613))",738628,2110.0,1479.99999999994
788835,CAU1021.D1,IfcDoor,1peR_BP1r5vPLwd6wPjapZ,IDT 2d - Double Unequal Door:1510mm - 2110mm S/O Laminate:743332,,1510mm - 2110mm S/O Laminate,"#2063230=IfcLocalPlacement(#2063207,#2063229)","#788827=IfcProductDefinitionShape($,$,(#788820,#788825))",743332,2110.00000000001,1510.00000000004
810613,CAU1033.D1,IfcDoor,1peR_BP1r5vPLwd6wPja9f,IDT 1b - Single Door (Glazed) Frameless:976mm - 2060mm S/O Frameless Laminate:743726,,976mm - 2060mm S/O Frameless Laminate,"#2063781=IfcLocalPlacement(#2063760,#2063780)","#810605=IfcProductDefinitionShape($,$,(#810598,#810603))",743726,2059.99999999996,975.999999999971
811075,CAU1009A.D1,IfcDoor,1peR_BP1r5vPLwd6wPjaVm,IDT 1d - Single Door:1060mm - 2110mm S/O Laminate:744631,,1060mm - 2110mm S/O Laminate,"#2062864=IfcLocalPlacement(#2062843,#2062863)","#811067=IfcProductDefinitionShape($,$,(#811060,#811065))",744631,2109.99999999998,1060.00000000011
811559,CAU1007.D1,IfcDoor,3QrOiLPa11HQuUkgoEsrFJ,IDT 1d - Single Door:1060mm - 2110mm S/O Laminate:745651,,1060mm - 2110mm S/O Laminate,"#2063156=IfcLocalPlacement(#2063135,#2063155)","#811551=IfcProductDefinitionShape($,$,(#811544,#811549))",745651,2109.99999999998,1060.00000000001
872977,CAU1001.D1,IfcDoor,3I$YpNaf56hQWxFrFEbCQ$,IDT 3a - Equal Double Door (Glazed - Observation):1910mm - 2110mm S/O Laminate:747613,,1910mm - 2110mm S/O Laminate,"#2063904=IfcLocalPlacement(#2063881,#2063903)","#872969=IfcProductDefinitionShape($,$,(#872962,#872967))",747613,2110.0,1910.00000000008
873091,CAU1005.D1,IfcDoor,2w7WR4Lxr8C9118Vl7XaCg,IDT 1d - Single Door:810mm - 2110mm S/O Laminate:748273,,810mm - 2110mm S/O Laminate,"#2063084=IfcLocalPlacement(#2063065,#2063083)","#873083=IfcProductDefinitionShape($,$,(#873076,#873081))",748273,2109.99999999998,809.999999999999
873202,CAU1004.D1,IfcDoor,2w7WR4Lxr8C9118Vl7XaBs,IDT 1d - Single Door:810mm - 2110mm S/O Laminate:748333,,810mm - 2110mm S/O Laminate,"#2063119=IfcLocalPlacement(#2063100,#2063118)","#873194=IfcProductDefinitionShape($,$,(#873187,#873192))",748333,2109.99999999998,809.999999999999
907765,CLD1C08.D2,IfcDoor,1DlWOXTGLCqQmt_Y4hY4b$,IDT 1b - Single Door (Glazed):1060mm-2110mm S/O Laminate:752906,,1060mm-2110mm S/O Laminate,"#2063943=IfcLocalPlacement(#2063920,#2063942)","#907759=IfcProductDefinitionShape($,$,(#907752,#907757))",752906,2109.99999999998,1060.0
919763,CAU1027.D1,IfcDoor,27YPbTCojE9QO2wYl$qRyf,IDT 3d - Equal Double Door:1910mm - 2110mm S/O Laminate:755077,,1910mm - 2110mm S/O Laminate,"#2063978=IfcLocalPlacement(#2063959,#2063977)","#919755=IfcProductDefinitionShape($,$,(#919748,#919753))",755077,2110.0,1909.99999999996
931040,CAU1011.D1,IfcDoor,0TADHCDLfBsgMuxK0bRKeL,IDT 2e - Double Unequal Door (Glazed):1510mm - 2110mm S/O Laminate:755146,,1510mm - 2110mm S/O Laminate,"#2062901=IfcLocalPlacement(#2062880,#2062900)","#931032=IfcProductDefinitionShape($,$,(#931025,#931030))",755146,2110.0,1510.00000000005
980489,CLD1022.D1,IfcDoor,2dC5TC3K5AoxmOymk0y$CG,IDT 3a - Equal Double Door (Glazed - Observation) Frameless:1824mm - 2060mm S/O Frameless Laminate:758498,,1824mm - 2060mm S/O Frameless Laminate,"#2064015=IfcLocalPlacement(#2063994,#2064014)","#980483=IfcProductDefinitionShape($,$,(#980476,#980481))",758498,2060.0,1824.0
991576,CLD1055.D2,IfcDoor,3FLpeM48zE98c8$mVznVmX,IDT 1d - Single Door:710mm - 2110mm S/O Laminate:761432,,710mm - 2110mm S/O Laminate,"#2064052=IfcLocalPlacement(#2064031,#2064051)","#991570=IfcProductDefinitionShape($,$,(#991563,#991568))",761432,2109.99999999998,709.999999999943
999754,CAU1024.D2,IfcDoor,22dVa3aJT6mxU3kT9vOYYJ,IDT 9a - Roller Shutter:970mm x 2110mm:786809,,970mm x 2110mm,"#2064140=IfcLocalPlacement(#2064117,#2064139)","#999746=IfcProductDefinitionShape($,$,(#999739,#999744))",786809,2110.0,970.000000000156
1012607,CAU1032.D1,IfcDoor,1UFnmIlVbB1h8jmQjpG0Tw,IDT 1d - Single Door:1060mm - 2110mm S/O Laminate:788353,,1060mm - 2110mm S/O Laminate,"#2063865=IfcLocalPlacement(#2063844,#2063864)","#1012599=IfcProductDefinitionShape($,$,(#1012592,#1012597))",788353,2109.99999999998,1060.0
1018375,CLD1079.D1,IfcDoor,3eMwZwBfT6AgQpNaPBppYx,IDT 1d - Single Door:1060mm - 2110mm S/O Laminate:839090,,1060mm - 2110mm S/O Laminate,"#2064222=IfcLocalPlacement(#2064203,#2064221)","#1018369=IfcProductDefinitionShape($,$,(#1018362,#1018367))",839090,2109.99999999998,1060.0
1018485,CLD1081.D1,IfcDoor,3eMwZwBfT6AgQpNaPBppiJ,IDT 2d - Double Unequal Door:1510mm - 2110mm S/O Laminate:839194,,1510mm - 2110mm S/O Laminate,"#2064294=IfcLocalPlacement(#2064273,#2064293)","#1018479=IfcProductDefinitionShape($,$,(#1018472,#1018477))",839194,2110.00000000001,1510.0
1018590,CLD1080.D1,IfcDoor,3eMwZwBfT6AgQpNaPBppjE,IDT 1d - Single Door:1060mm - 2110mm S/O Laminate:839239,,1060mm - 2110mm S/O Laminate,"#2064257=IfcLocalPlacement(#2064238,#2064256)","#1018584=IfcProductDefinitionShape($,$,(#1018577,#1018582))",839239,2109.99999999998,1060.0
1053679,CAU1009.D1,IfcDoor,0Mnb_NNLb45xMFFQOq7uJU,IDT 1b - Single Door (Glazed):1060mm-2110mm S/O Laminate:844589,,1060mm-2110mm S/O Laminate,"#2064368=IfcLocalPlacement(#2064345,#2064367)","#1053671=IfcProductDefinitionShape($,$,(#1053664,#1053669))",844589,2109.99999999998,1060.00000000011
1053884,CAU1008.D1,IfcDoor,0Mnb_NNLb45xMFFQOq7uGl,IDT 1d - Single Door:1060mm - 2110mm S/O Laminate:844764,,1060mm - 2110mm S/O Laminate,"#2063191=IfcLocalPlacement(#2063172,#2063190)","#1053876=IfcProductDefinitionShape($,$,(#1053869,#1053874))",844764,2109.99999999998,1060.00000000001
1066248,CAU1034.D1,IfcDoor,0Mnb_NNLb45xMFFQOq7u_s,IDT 3d - Equal Double Door:1910mm - 2110mm S/O Laminate:845893,,1910mm - 2110mm S/O Laminate,"#2064407=IfcLocalPlacement(#2064384,#2064406)","#1066240=IfcProductDefinitionShape($,$,(#1066233,#1066238))",845893,2110.0,1910.0
1081387,CAU1002.D1,IfcDoor,06WIuRNf9FEu8GYmwquFCu,IDT 2b - Double Unequal Door (Glazed):1510mm - 2110mm S/O Laminate:917752,,1510mm - 2110mm S/O Laminate,"#2064481=IfcLocalPlacement(#2064460,#2064480)","#1081379=IfcProductDefinitionShape($,$,(#1081372,#1081377))",917752,2110.0,1510.00000000001
1081947,CLD1111.D1,IfcDoor,2jLtK8BsX2Cvs3AfDtB8O2,IDT 1d - Single Door:1060mm - 2110mm S/O Laminate:922831,,1060mm - 2110mm S/O Laminate,"#2064555=IfcLocalPlacement(#2064532,#2064554)","#1081941=IfcProductDefinitionShape($,$,(#1081934,#1081939))",922831,2109.99999999998,1060.00000000011
1089489,CLD1083.D1,IfcDoor,2KPY_XEJ1AZhXrvfTCJKFR,IDT 1d - Single Door:1060mm - 2110mm S/O Laminate:949028,,1060mm - 2110mm S/O Laminate,"#2061824=IfcLocalPlacement(#2061803,#2061823)","#1089483=IfcProductDefinitionShape($,$,(#1089476,#1089481))",949028,2109.99999999998,1060.0
1091012,CAU1003.D1,IfcDoor,29q2x0nmD5lh9AFjCvH5dc,IDT 1d - Single Door:1060mm - 2110mm S/O Laminate:965331,,1060mm - 2110mm S/O Laminate,"#2064516=IfcLocalPlacement(#2064497,#2064515)","#1091004=IfcProductDefinitionShape($,$,(#1090997,#1091002))",965331,2109.99999999998,1060.00000000003
1102224,CAU1011.D2,IfcDoor,29q2x0nmD5lh9AFjCvH5Wi,IDT 2e - Double Unequal Door (Glazed):1510mm - 2110mm S/O Laminate:965401,,1510mm - 2110mm S/O Laminate,"#2064629=IfcLocalPlacement(#2064608,#2064628)","#1102216=IfcProductDefinitionShape($,$,(#1102209,#1102214))",965401,2110.0,1510.00000000001
1115300,CAU1108.D1,IfcDoor,3PsSUvpeH2PflTgeWaYHO0,IDT 1d - Single Door:810mm - 2110mm S/O Laminate:976784,,810mm - 2110mm S/O Laminate,"#2064664=IfcLocalPlacement(#2064645,#2064663)","#1115292=IfcProductDefinitionShape($,$,(#1115285,#1115290))",976784,2109.99999999998,810.00000000001
1115727,CAU1110.D1,IfcDoor,3PsSUvpeH2PflTgeWaYHO7,IDT 1d - Single Door:810mm - 2110mm S/O Laminate:976791,,810mm - 2110mm S/O Laminate,"#2064699=IfcLocalPlacement(#2064680,#2064698)","#1115719=IfcProductDefinitionShape($,$,(#1115712,#1115717))",976791,2109.99999999998,810.00000000001
1118819,CLD1C04.D1,IfcDoor,1MAGzgDTTC2Q1j6w3ipbK_,IDT 3b - Equal Double Door (Glazed):1910mm - 2110mm S/O Laminate:981695,,1910mm - 2110mm S/O Laminate,"#2064775=IfcLocalPlacement(#2064754,#2064774)","#1118811=IfcProductDefinitionShape($,$,(#1118804,#1118809))",981695,2110.0,1910.00000000004
1120257,CLD1022A.D1,IfcDoor,0cx4eet$17geFyylSweep0,IDT 1d - Single Door:810mm - 2110mm S/O Laminate:987903,,810mm - 2110mm S/O Laminate,"#2064812=IfcLocalPlacement(#2064791,#2064811)","#1120251=IfcProductDefinitionShape($,$,(#1120244,#1120249))",987903,2109.99999999998,810.000000000006
1120807,CLD1023A.D1,IfcDoor,0cx4eet$17geFyylSweejU,IDT 1d - Single Door:810mm - 2110mm S/O Laminate:988513,,810mm - 2110mm S/O Laminate,"#2064849=IfcLocalPlacement(#2064828,#2064848)","#1120801=IfcProductDefinitionShape($,$,(#1120794,#1120799))",988513,2109.99999999998,810.000000000006
1131706,CLD1024A.D1,IfcDoor,0cx4eet$17geFyylSweeRe,IDT 1d - Single Door:810mm - 2110mm S/O Laminate:989399,,810mm - 2110mm S/O Laminate,"#2064444=IfcLocalPlacement(#2064423,#2064443)","#1131700=IfcProductDefinitionShape($,$,(#1131693,#1131698))",989399,2109.99999999998,809.999999999989
1138823,CLD1093.D1,IfcDoor,2ek2LJmjrFkR3Cr1Ta9yYO,IDT 1d - Single Door:810mm - 2110mm S/O Laminate:1138406,,810mm - 2110mm S/O Laminate,"#2064921=IfcLocalPlacement(#2064902,#2064920)","#1138817=IfcProductDefinitionShape($,$,(#1138810,#1138815))",1138406,2109.99999999998,809.999999999989
1138932,CLD1094.D1,IfcDoor,2ek2LJmjrFkR3Cr1Ta9yYP,IDT 1d - Single Door:810mm - 2110mm S/O Laminate:1138407,,810mm - 2110mm S/O Laminate,"#2064886=IfcLocalPlacement(#2064865,#2064885)","#1138926=IfcProductDefinitionShape($,$,(#1138919,#1138924))",1138407,2109.99999999998,809.999999999989
1140000,CAU1035.D1,IfcDoor,12jN85B1z1Tene1x5ntJ7P,IDT 1d - Single Door:1060mm - 2110mm S/O Laminate:1148150,,1060mm - 2110mm S/O Laminate,"#2063265=IfcLocalPlacement(#2063246,#2063264)","#1139992=IfcProductDefinitionShape($,$,(#1139985,#1139990))",1148150,2109.99999999998,1060.00000000002
1140314,CAU1010.D1,IfcDoor,3763D$sq135gPOMr8tpuPc,IDT 2e - Double Unequal Door (Glazed):1510mm - 2110mm S/O Laminate:1149971,,1510mm - 2110mm S/O Laminate,"#2064958=IfcLocalPlacement(#2064937,#2064957)","#1140306=IfcProductDefinitionShape($,$,(#1140299,#1140304))",1149971,2110.0,1510.00000000005
1142378,CLD1053A.D1,IfcDoor,1v8KLs$nbDnwLzVfyLWGZW,IDT 1d - Single Door:810mm - 2110mm S/O Laminate:1187398,,810mm - 2110mm S/O Laminate,"#2064995=IfcLocalPlacement(#2064974,#2064994)","#1142372=IfcProductDefinitionShape($,$,(#1142365,#1142370))",1187398,2109.99999999998,809.999999999989
1142654,CLD1053B.D1,IfcDoor,1v8KLs$nbDnwLzVfyLWGZh,IDT 2d - Double Unequal Door:1510mm - 2110mm S/O Laminate:1187405,,1510mm - 2110mm S/O Laminate,"#2065034=IfcLocalPlacement(#2065011,#2065033)","#1142648=IfcProductDefinitionShape($,$,(#1142641,#1142646))",1187405,2110.00000000001,1510.00000000004
1148849,CLD1009A.D1,IfcDoor,0mY70OAq17KQlw0xodgFyY,IDT 2d - Double Unequal Door:1610mm - 2110mm S/O Laminate:1208949,,1610mm - 2110mm S/O Laminate,"#2065773=IfcLocalPlacement(#2065752,#2065772)","#1148843=IfcProductDefinitionShape($,$,(#1148836,#1148841))",1208949,2110.0,1610.0
1156740,CAU1012.D1,IfcDoor,0UoJTBX1vB_x4LP8RJzY20,IDT 2d - Double Unequal Door:1510mm - 2110mm S/O Laminate:1465073,,1510mm - 2110mm S/O Laminate,"#2065886=IfcLocalPlacement(#2065863,#2065885)","#1156732=IfcProductDefinitionShape($,$,(#1156725,#1156730))",1465073,2110.00000000001,1510.0
1212012,CAU1C01.D1,IfcDoor,0UoJTBX1vB_x4LP8RJzYTR,IDT 3b - Equal Double Door (Glazed):1910mm - 2110mm S/O Acrovyn Half Height:1465642,,1910mm - 2110mm S/O Acrovyn Half Height,"#2065923=IfcLocalPlacement(#2065902,#2065922)","#1212006=IfcProductDefinitionShape($,$,(#1211999,#1212004))",1465642,2110.0,1909.99999999995
1230015,CLD1056.D1,IfcDoor,2ooJh7WzXDG8JesZiy0xKv,IDT 1d - Single Door:1060mm - 2110mm S/O Laminate:1530030,,1060mm - 2110mm S/O Laminate,"#2060790=IfcLocalPlacement(#2060769,#2060789)","#1230007=IfcProductDefinitionShape($,$,(#1230000,#1230005))",1530030,2109.99999999998,1060.00000000003
1246452,CLD1025A.D1,IfcDoor,2crmUxsjP13vylz_WwN2yc,IDT 2d - Double Unequal Door:1710mm - 2110mm S/O Laminate:1554936,,1710mm - 2110mm S/O Laminate,"#2065960=IfcLocalPlacement(#2065939,#2065959)","#1246444=IfcProductDefinitionShape($,$,(#1246437,#1246442))",1554936,2110.0,1710.00000000005
1260965,CLD1001A.D1,IfcDoor,2crmUxsjP13vylz_WwN2sZ,IDT 2d - Double Unequal Door:1710mm - 2110mm S/O Laminate:1555325,,1710mm - 2110mm S/O Laminate,"#2065999=IfcLocalPlacement(#2065976,#2065998)","#1260957=IfcProductDefinitionShape($,$,(#1260950,#1260955))",1555325,2110.0,1710.00000000004
1261566,CLD1033A.D1,IfcDoor,0q53DYoFLBH8iFggEu47ta,IDT 2d - Double Unequal Door:1710mm - 2110mm S/O Laminate:1558052,,1710mm - 2110mm S/O Laminate,"#2066038=IfcLocalPlacement(#2066015,#2066037)","#1261558=IfcProductDefinitionShape($,$,(#1261551,#1261556))",1558052,2110.0,1709.99999999998
1263191,CLD1108.D1,IfcDoor,1jJl3EOqn9DA7fPWBPiyse,IDT 2a - Double Unequal Door (Glazed - Observation):1480mm - 2110mm S/O Laminate:1881494,,1480mm - 2110mm S/O Laminate,"#2066075=IfcLocalPlacement(#2066054,#2066074)","#1263183=IfcProductDefinitionShape($,$,(#1263176,#1263181))",1881494,2110.0,1479.99999999998
1263388,CLD1108A.D1,IfcDoor,1jJl3EOqn9DA7fPWBPiysc,IDT 2d - Double Unequal Door:1510mm - 2110mm S/O Laminate:1881496,,1510mm - 2110mm S/O Laminate,"#2066149=IfcLocalPlacement(#2066126,#2066148)","#1263380=IfcProductDefinitionShape($,$,(#1263373,#1263378))",1881496,2110.00000000001,1509.99999999995
1263493,CLD1108B.D1,IfcDoor,1jJl3EOqn9DA7fPWBPiysd,IDT 1d - Single Door:810mm - 2110mm S/O Laminate:1881497,,810mm - 2110mm S/O Laminate,"#2066186=IfcLocalPlacement(#2066165,#2066185)","#1263485=IfcProductDefinitionShape($,$,(#1263478,#1263483))",1881497,2109.99999999998,810.000000000096
1940805,CLD1044A.D1,IfcDoor,3Dchm6ZRXBr81pnS9Tybk3,IDT 2d - Double Unequal Door:1710mm - 2110mm S/O Laminate:2237402,,1710mm - 2110mm S/O Laminate,"#2065580=IfcLocalPlacement(#2065557,#2065579)","#1940797=IfcProductDefinitionShape($,$,(#1940790,#1940795))",2237402,2110.0,1709.99999999999
1940909,CLD1026A.D1,IfcDoor,3iy$LLfLH02AHK4gDahe07,IDT 2d - Double Unequal Door:1710mm - 2110mm S/O Laminate:2237486,,1710mm - 2110mm S/O Laminate,"#2065151=IfcLocalPlacement(#2065128,#2065150)","#1940901=IfcProductDefinitionShape($,$,(#1940894,#1940899))",2237486,2110.0,1710.00000000004
1941013,CLD1028A.D1,IfcDoor,0HCSNiE_X5wQB3Licnmd0l,IDT 2d - Double Unequal Door:1710mm - 2110mm S/O Laminate:2237489,,1710mm - 2110mm S/O Laminate,"#2065112=IfcLocalPlacement(#2065089,#2065111)","#1941005=IfcProductDefinitionShape($,$,(#1940998,#1941003))",2237489,2110.0,1710.00000000004
1941116,CLD1010A.D1,IfcDoor,38kNaJyF50xv24Do2tF0CF,IDT 2d - Double Unequal Door:1710mm - 2110mm S/O Laminate:2237492,,1710mm - 2110mm S/O Laminate,"#2065385=IfcLocalPlacement(#2065362,#2065384)","#1941108=IfcProductDefinitionShape($,$,(#1941101,#1941106))",2237492,2110.0,1709.99999999999
1941220,CLD1012A.D1,IfcDoor,1U8sLcSyTB5gu3gFdsNDMA,IDT 2d - Double Unequal Door:1710mm - 2110mm S/O Laminate:2237495,,1710mm - 2110mm S/O Laminate,"#2065424=IfcLocalPlacement(#2065401,#2065423)","#1941212=IfcProductDefinitionShape($,$,(#1941205,#1941210))",2237495,2110.0,1709.99999999999
1941323,CLD1035A.D1,IfcDoor,3Z1_vHRAr69RwpZDJiVX2W,IDT 2d - Double Unequal Door:1710mm - 2110mm S/O Laminate:2237498,,1710mm - 2110mm S/O Laminate,"#2065463=IfcLocalPlacement(#2065440,#2065462)","#1941315=IfcProductDefinitionShape($,$,(#1941308,#1941313))",2237498,2110.0,1709.99999999999
1941426,CLD1042A.D1,IfcDoor,2B_hvL3iTDdu5qKOXAkXn7,IDT 2d - Double Unequal Door:1710mm - 2110mm S/O Laminate:2237501,,1710mm - 2110mm S/O Laminate,"#2065541=IfcLocalPlacement(#2065518,#2065540)","#1941418=IfcProductDefinitionShape($,$,(#1941411,#1941416))",2237501,2110.0,1709.99999999999
1941530,CLD1043A.D1,IfcDoor,259PvPE7X1Gf2$dBfauLW7,IDT 2d - Double Unequal Door:1710mm - 2110mm S/O Laminate:2237728,,1710mm - 2110mm S/O Laminate,"#2065619=IfcLocalPlacement(#2065596,#2065618)","#1941522=IfcProductDefinitionShape($,$,(#1941515,#1941520))",2237728,2110.0,1709.99999999999
1941634,CLD1027A.D1,IfcDoor,1iRzNBJB51cx16USroQDJL,IDT 2d - Double Unequal Door:1710mm - 2110mm S/O Laminate:2237891,,1710mm - 2110mm S/O Laminate,"#2065073=IfcLocalPlacement(#2065050,#2065072)","#1941626=IfcProductDefinitionShape($,$,(#1941619,#1941624))",2237891,2110.0,1710.00000000004
1941738,CLD1002A.D1,IfcDoor,1vJ8u68jn1MOA8TNOBj$uE,IDT 2d - Double Unequal Door:1710mm - 2110mm S/O Laminate:2237894,,1710mm - 2110mm S/O Laminate,"#2065190=IfcLocalPlacement(#2065167,#2065189)","#1941730=IfcProductDefinitionShape($,$,(#1941723,#1941728))",2237894,2110.0,1710.00000000007
1941841,CLD1003A.D1,IfcDoor,0X4AYk54z0tRzLHZGnS7fW,IDT 2d - Double Unequal Door:1710mm - 2110mm S/O Laminate:2237897,,1710mm - 2110mm S/O Laminate,"#2065268=IfcLocalPlacement(#2065245,#2065267)","#1941833=IfcProductDefinitionShape($,$,(#1941826,#1941831))",2237897,2110.0,1710.00000000007
1941945,CLD1004A.D1,IfcDoor,023zeIHSnDEBZ4RVyBRWRF,IDT 2d - Double Unequal Door:1710mm - 2110mm S/O Laminate:2237900,,1710mm - 2110mm S/O Laminate,"#2065229=IfcLocalPlacement(#2065206,#2065228)","#1941937=IfcProductDefinitionShape($,$,(#1941930,#1941935))",2237900,2110.0,1710.00000000007
1942049,CLD1011A.D1,IfcDoor,2uMSRGQzfEZuH$NdVCgFYc,IDT 2d - Double Unequal Door:1710mm - 2110mm S/O Laminate:2237903,,1710mm - 2110mm S/O Laminate,"#2065307=IfcLocalPlacement(#2065284,#2065306)","#1942041=IfcProductDefinitionShape($,$,(#1942034,#1942039))",2237903,2110.0,1709.99999999999
1942153,CLD1036A.D1,IfcDoor,3m87Jc2jD8SA1TVrIZXMjB,IDT 2d - Double Unequal Door:1710mm - 2110mm S/O Laminate:2237906,,1710mm - 2110mm S/O Laminate,"#2065346=IfcLocalPlacement(#2065323,#2065345)","#1942145=IfcProductDefinitionShape($,$,(#1942138,#1942143))",2237906,2110.0,1709.99999999999
1942257,CLD1034A.D1,IfcDoor,19h8PH9ub4s9dQGzOb22aG,IDT 2d - Double Unequal Door:1710mm - 2110mm S/O Laminate:2237909,,1710mm - 2110mm S/O Laminate,"#2065502=IfcLocalPlacement(#2065479,#2065501)","#1942249=IfcProductDefinitionShape($,$,(#1942242,#1942247))",2237909,2110.0,1709.99999999999
1942361,CLD1047A.D1,IfcDoor,1BbQ4ZosDEDxnhevdCuxi_,IDT 2d - Double Unequal Door:1710mm - 2110mm S/O Laminate:2237912,,1710mm - 2110mm S/O Laminate,"#2065697=IfcLocalPlacement(#2065674,#2065696)","#1942353=IfcProductDefinitionShape($,$,(#1942346,#1942351))",2237912,2110.0,1709.99999999999
1942465,CLD1046A.D1,IfcDoor,2MC4VRR850xxI0jV0nZnAi,IDT 2d - Double Unequal Door:1710mm - 2110mm S/O Laminate:2237915,,1710mm - 2110mm S/O Laminate,"#2065658=IfcLocalPlacement(#2065635,#2065657)","#1942457=IfcProductDefinitionShape($,$,(#1942450,#1942455))",2237915,2110.0,1709.99999999999
1942568,CLD1045A.D1,IfcDoor,3gEGNksWXBmg1Qy$4nVS_0,IDT 2d - Double Unequal Door:1710mm - 2110mm S/O Laminate:2237918,,1710mm - 2110mm S/O Laminate,"#2065736=IfcLocalPlacement(#2065713,#2065735)","#1942560=IfcProductDefinitionShape($,$,(#1942553,#1942558))",2237918,2110.0,1709.99999999999
1942672,CLD1048A.D1,IfcDoor,0AuvVWA_j0JOX7K1tOeE9N,IDT 2d - Double Unequal Door:1710mm - 2110mm S/O Laminate:2237921,,1710mm - 2110mm S/O Laminate,"#2065812=IfcLocalPlacement(#2065789,#2065811)","#1942664=IfcProductDefinitionShape($,$,(#1942657,#1942662))",2237921,2110.0,1709.99999999999
1942775,CLD1039A.D1,IfcDoor,3Z8$dyGDf46vfwYECv6IOZ,IDT 2d - Double Unequal Door:1710mm - 2110mm S/O Laminate:2237924,,1710mm - 2110mm S/O Laminate,"#2066225=IfcLocalPlacement(#2066202,#2066224)","#1942767=IfcProductDefinitionShape($,$,(#1942760,#1942765))",2237924,2110.0,1710.0
1942878,CLD1038A.D1,IfcDoor,2qYP6arM5BPO_t8VhwNPl1,IDT 2d - Double Unequal Door:1710mm - 2110mm S/O Laminate:2237927,,1710mm - 2110mm S/O Laminate,"#2066264=IfcLocalPlacement(#2066241,#2066263)","#1942870=IfcProductDefinitionShape($,$,(#1942863,#1942868))",2237927,2110.0,1710.0
1942982,CLD1037A.D1,IfcDoor,2c$s$dt8HBawF9k68uxniH,IDT 2d - Double Unequal Door:1710mm - 2110mm S/O Laminate:2237930,,1710mm - 2110mm S/O Laminate,"#2066303=IfcLocalPlacement(#2066280,#2066302)","#1942974=IfcProductDefinitionShape($,$,(#1942967,#1942972))",2237930,2110.0,1710.0
1943085,CLD1040A.D1,IfcDoor,0B_AVlHKD8qg41AleMtASB,IDT 2d - Double Unequal Door:1710mm - 2110mm S/O Laminate:2237933,,1710mm - 2110mm S/O Laminate,"#2066342=IfcLocalPlacement(#2066319,#2066341)","#1943077=IfcProductDefinitionShape($,$,(#1943070,#1943075))",2237933,2110.0,1710.0
1943188,CLD1016A.D1,IfcDoor,0WKJksHZH1Cv9yZVVn2Kxz,IDT 2d - Double Unequal Door:1710mm - 2110mm S/O Laminate:2237936,,1710mm - 2110mm S/O Laminate,"#2066381=IfcLocalPlacement(#2066358,#2066380)","#1943180=IfcProductDefinitionShape($,$,(#1943173,#1943178))",2237936,2110.0,1710.0
1943291,CLD1015A.D1,IfcDoor,2hqUrHy9X5xfzHXVjdZ64G,IDT 2d - Double Unequal Door:1710mm - 2110mm S/O Laminate:2237939,,1710mm - 2110mm S/O Laminate,"#2066420=IfcLocalPlacement(#2066397,#2066419)","#1943283=IfcProductDefinitionShape($,$,(#1943276,#1943281))",2237939,2110.0,1710.0
1943394,CLD1014A.D1,IfcDoor,3962vTgFPFvw6Ye6o_DRNL,IDT 2d - Double Unequal Door:1710mm - 2110mm S/O Laminate:2237942,,1710mm - 2110mm S/O Laminate,"#2066459=IfcLocalPlacement(#2066436,#2066458)","#1943386=IfcProductDefinitionShape($,$,(#1943379,#1943384))",2237942,2110.0,1710.0
1943498,CLD1013A.D1,IfcDoor,1lbncnPyvCbAG9lwwIAWan,IDT 2d - Double Unequal Door:1710mm - 2110mm S/O Laminate:2237945,,1710mm - 2110mm S/O Laminate,"#2066498=IfcLocalPlacement(#2066475,#2066497)","#1943490=IfcProductDefinitionShape($,$,(#1943483,#1943488))",2237945,2110.0,1710.0
1943601,CLD1006A.D1,IfcDoor,3xacGKEpzALe_IPwULfiVm,IDT 2d - Double Unequal Door:1710mm - 2110mm S/O Laminate:2237951,,1710mm - 2110mm S/O Laminate,"#2066537=IfcLocalPlacement(#2066514,#2066536)","#1943593=IfcProductDefinitionShape($,$,(#1943586,#1943591))",2237951,2110.0,1710.00000000006
1943705,CLD1005A.D1,IfcDoor,0fXckmXPb15QkqOIHqat9k,IDT 2d - Double Unequal Door:1710mm - 2110mm S/O Laminate:2237954,,1710mm - 2110mm S/O Laminate,"#2066576=IfcLocalPlacement(#2066553,#2066575)","#1943697=IfcProductDefinitionShape($,$,(#1943690,#1943695))",2237954,2110.0,1710.00000000006
1943809,CLD1007A.D1,IfcDoor,2JE4JhLUH0QuwGf6eJcdtB,IDT 2d - Double Unequal Door:1710mm - 2110mm S/O Laminate:2237957,,1710mm - 2110mm S/O Laminate,"#2066615=IfcLocalPlacement(#2066592,#2066614)","#1943801=IfcProductDefinitionShape($,$,(#1943794,#1943799))",2237957,2110.0,1710.00000000006
1943913,CLD1008A.D1,IfcDoor,1adYosslPF5fZ_9u_K26YB,IDT 2d - Double Unequal Door:1710mm - 2110mm S/O Laminate:2237960,,1710mm - 2110mm S/O Laminate,"#2066654=IfcLocalPlacement(#2066631,#2066653)","#1943905=IfcProductDefinitionShape($,$,(#1943898,#1943903))",2237960,2110.0,1710.00000000007
1946649,CLD1030A.D1,IfcDoor,0X5TmcZQjB5xvoelHy4UMY,IDT 2d - Double Unequal Door:1710mm - 2110mm S/O Laminate:2277507,,1710mm - 2110mm S/O Laminate,"#2066693=IfcLocalPlacement(#2066670,#2066692)","#1946641=IfcProductDefinitionShape($,$,(#1946634,#1946639))",2277507,2110.0,1710.00000000009
1949368,CLD1029A.D1,IfcDoor,3wITowKELEMBuj7MIKTs7X,IDT 2d - Double Unequal Door:1710mm - 2110mm S/O Laminate:2277831,,1710mm - 2110mm S/O Laminate,"#2066732=IfcLocalPlacement(#2066709,#2066731)","#1949360=IfcProductDefinitionShape($,$,(#1949353,#1949358))",2277831,2110.0,1710.00000000009
1952077,CLD1031A.D1,IfcDoor,3tFLCOhiP5Mfafsa0ZwR$h,IDT 2d - Double Unequal Door:1710mm - 2110mm S/O Laminate:2278152,,1710mm - 2110mm S/O Laminate,"#2066771=IfcLocalPlacement(#2066748,#2066770)","#1952069=IfcProductDefinitionShape($,$,(#1952062,#1952067))",2278152,2110.0,1710.00000000009
1952957,CLD1032A.D1,IfcDoor,3V4t3DGO1ETuuuOTDm3fti,IDT 2d - Double Unequal Door:1710mm - 2110mm S/O Laminate:2278386,,1710mm - 2110mm S/O Laminate,"#2066808=IfcLocalPlacement(#2066787,#2066807)","#1952949=IfcProductDefinitionShape($,$,(#1952942,#1952947))",2278386,2110.0,1710.00000000006
